date,from,to,actual,forecast
2010-01-01 00:00:00,2010-01-01 00:00:00,2010-01-01 00:15:00,16990.0,19211.0
2010-01-01 00:00:00,2010-01-01 00:15:00,2010-01-01 00:30:00,16870.0,19121.0
2010-01-01 00:00:00,2010-01-01 00:30:00,2010-01-01 00:45:00,16825.0,18891.0
2010-01-01 00:00:00,2010-01-01 00:45:00,2010-01-01 01:00:00,16693.0,18743.0
2010-01-01 00:00:00,2010-01-01 01:00:00,2010-01-01 01:15:00,16621.0,18618.0
2010-01-01 00:00:00,2010-01-01 01:15:00,2010-01-01 01:30:00,16500.0,18502.0
2010-01-01 00:00:00,2010-01-01 01:30:00,2010-01-01 01:45:00,16299.0,18284.0
2010-01-01 00:00:00,2010-01-01 01:45:00,2010-01-01 02:00:00,16167.0,18124.0
2010-01-01 00:00:00,2010-01-01 02:00:00,2010-01-01 02:15:00,16120.0,17585.0
2010-01-01 00:00:00,2010-01-01 02:15:00,2010-01-01 02:30:00,16046.0,17436.0
2010-01-01 00:00:00,2010-01-01 02:30:00,2010-01-01 02:45:00,16000.0,17112.0
2010-01-01 00:00:00,2010-01-01 02:45:00,2010-01-01 03:00:00,15830.0,16828.0
2010-01-01 00:00:00,2010-01-01 03:00:00,2010-01-01 03:15:00,15722.0,16680.0
2010-01-01 00:00:00,2010-01-01 03:15:00,2010-01-01 03:30:00,15609.0,16418.0
2010-01-01 00:00:00,2010-01-01 03:30:00,2010-01-01 03:45:00,15525.0,16046.0
2010-01-01 00:00:00,2010-01-01 03:45:00,2010-01-01 04:00:00,15408.0,15697.0
2010-01-01 00:00:00,2010-01-01 04:00:00,2010-01-01 04:15:00,15322.0,15326.0
2010-01-01 00:00:00,2010-01-01 04:15:00,2010-01-01 04:30:00,15173.0,15351.0
2010-01-01 00:00:00,2010-01-01 04:30:00,2010-01-01 04:45:00,15042.0,15349.0
2010-01-01 00:00:00,2010-01-01 04:45:00,2010-01-01 05:00:00,14891.0,15228.0
2010-01-01 00:00:00,2010-01-01 05:00:00,2010-01-01 05:15:00,14768.0,15091.0
2010-01-01 00:00:00,2010-01-01 05:15:00,2010-01-01 05:30:00,14640.0,14900.0
2010-01-01 00:00:00,2010-01-01 05:30:00,2010-01-01 05:45:00,14426.0,14742.0
2010-01-01 00:00:00,2010-01-01 05:45:00,2010-01-01 06:00:00,14254.0,14642.0
2010-01-01 00:00:00,2010-01-01 06:00:00,2010-01-01 06:15:00,13820.0,14283.0
2010-01-01 00:00:00,2010-01-01 06:15:00,2010-01-01 06:30:00,13709.0,14180.0
2010-01-01 00:00:00,2010-01-01 06:30:00,2010-01-01 06:45:00,13552.0,14150.0
2010-01-01 00:00:00,2010-01-01 06:45:00,2010-01-01 07:00:00,13483.0,14159.0
2010-01-01 00:00:00,2010-01-01 07:00:00,2010-01-01 07:15:00,13319.0,14088.0
2010-01-01 00:00:00,2010-01-01 07:15:00,2010-01-01 07:30:00,13263.0,14276.0
2010-01-01 00:00:00,2010-01-01 07:30:00,2010-01-01 07:45:00,13303.0,14504.0
2010-01-01 00:00:00,2010-01-01 07:45:00,2010-01-01 08:00:00,13267.0,14707.0
2010-01-01 00:00:00,2010-01-01 08:00:00,2010-01-01 08:15:00,13228.0,14906.0
2010-01-01 00:00:00,2010-01-01 08:15:00,2010-01-01 08:30:00,13389.0,15169.0
2010-01-01 00:00:00,2010-01-01 08:30:00,2010-01-01 08:45:00,13465.0,15412.0
2010-01-01 00:00:00,2010-01-01 08:45:00,2010-01-01 09:00:00,13574.0,15698.0
2010-01-01 00:00:00,2010-01-01 09:00:00,2010-01-01 09:15:00,13813.0,16131.0
2010-01-01 00:00:00,2010-01-01 09:15:00,2010-01-01 09:30:00,14141.0,16529.0
2010-01-01 00:00:00,2010-01-01 09:30:00,2010-01-01 09:45:00,14420.0,16873.0
2010-01-01 00:00:00,2010-01-01 09:45:00,2010-01-01 10:00:00,14701.0,17140.0
2010-01-01 00:00:00,2010-01-01 10:00:00,2010-01-01 10:15:00,15004.0,17489.0
2010-01-01 00:00:00,2010-01-01 10:15:00,2010-01-01 10:30:00,15290.0,17728.0
2010-01-01 00:00:00,2010-01-01 10:30:00,2010-01-01 10:45:00,15611.0,17946.0
2010-01-01 00:00:00,2010-01-01 10:45:00,2010-01-01 11:00:00,15910.0,18035.0
2010-01-01 00:00:00,2010-01-01 11:00:00,2010-01-01 11:15:00,16151.0,18214.0
2010-01-01 00:00:00,2010-01-01 11:15:00,2010-01-01 11:30:00,16481.0,18519.0
2010-01-01 00:00:00,2010-01-01 11:30:00,2010-01-01 11:45:00,16758.0,18891.0
2010-01-01 00:00:00,2010-01-01 11:45:00,2010-01-01 12:00:00,16990.0,19025.0
2010-01-01 00:00:00,2010-01-01 12:00:00,2010-01-01 12:15:00,17275.0,19205.0
2010-01-01 00:00:00,2010-01-01 12:15:00,2010-01-01 12:30:00,17504.0,19481.0
2010-01-01 00:00:00,2010-01-01 12:30:00,2010-01-01 12:45:00,17607.0,19554.0
2010-01-01 00:00:00,2010-01-01 12:45:00,2010-01-01 13:00:00,17613.0,19337.0
2010-01-01 00:00:00,2010-01-01 13:00:00,2010-01-01 13:15:00,17703.0,19146.0
2010-01-01 00:00:00,2010-01-01 13:15:00,2010-01-01 13:30:00,17655.0,19111.0
2010-01-01 00:00:00,2010-01-01 13:30:00,2010-01-01 13:45:00,17647.0,19027.0
2010-01-01 00:00:00,2010-01-01 13:45:00,2010-01-01 14:00:00,17625.0,18850.0
2010-01-01 00:00:00,2010-01-01 14:00:00,2010-01-01 14:15:00,17631.0,18612.0
2010-01-01 00:00:00,2010-01-01 14:15:00,2010-01-01 14:30:00,17548.0,18451.0
2010-01-01 00:00:00,2010-01-01 14:30:00,2010-01-01 14:45:00,17606.0,18469.0
2010-01-01 00:00:00,2010-01-01 14:45:00,2010-01-01 15:00:00,17551.0,18343.0
2010-01-01 00:00:00,2010-01-01 15:00:00,2010-01-01 15:15:00,17527.0,18199.0
2010-01-01 00:00:00,2010-01-01 15:15:00,2010-01-01 15:30:00,17543.0,18215.0
2010-01-01 00:00:00,2010-01-01 15:30:00,2010-01-01 15:45:00,17482.0,18203.0
2010-01-01 00:00:00,2010-01-01 15:45:00,2010-01-01 16:00:00,17401.0,18341.0
2010-01-01 00:00:00,2010-01-01 16:00:00,2010-01-01 16:15:00,17522.0,18410.0
2010-01-01 00:00:00,2010-01-01 16:15:00,2010-01-01 16:30:00,17751.0,18574.0
2010-01-01 00:00:00,2010-01-01 16:30:00,2010-01-01 16:45:00,18081.0,18858.0
2010-01-01 00:00:00,2010-01-01 16:45:00,2010-01-01 17:00:00,18492.0,19163.0
2010-01-01 00:00:00,2010-01-01 17:00:00,2010-01-01 17:15:00,18589.0,19617.0
2010-01-01 00:00:00,2010-01-01 17:15:00,2010-01-01 17:30:00,18810.0,19634.0
2010-01-01 00:00:00,2010-01-01 17:30:00,2010-01-01 17:45:00,18823.0,19742.0
2010-01-01 00:00:00,2010-01-01 17:45:00,2010-01-01 18:00:00,18928.0,19796.0
2010-01-01 00:00:00,2010-01-01 18:00:00,2010-01-01 18:15:00,19169.0,19867.0
2010-01-01 00:00:00,2010-01-01 18:15:00,2010-01-01 18:30:00,19244.0,19880.0
2010-01-01 00:00:00,2010-01-01 18:30:00,2010-01-01 18:45:00,19248.0,19778.0
2010-01-01 00:00:00,2010-01-01 18:45:00,2010-01-01 19:00:00,19109.0,19742.0
2010-01-01 00:00:00,2010-01-01 19:00:00,2010-01-01 19:15:00,19041.0,19755.0
2010-01-01 00:00:00,2010-01-01 19:15:00,2010-01-01 19:30:00,18870.0,19549.0
2010-01-01 00:00:00,2010-01-01 19:30:00,2010-01-01 19:45:00,18702.0,19572.0
2010-01-01 00:00:00,2010-01-01 19:45:00,2010-01-01 20:00:00,18587.0,19285.0
2010-01-01 00:00:00,2010-01-01 20:00:00,2010-01-01 20:15:00,18656.0,19309.0
2010-01-01 00:00:00,2010-01-01 20:15:00,2010-01-01 20:30:00,18388.0,19088.0
2010-01-01 00:00:00,2010-01-01 20:30:00,2010-01-01 20:45:00,18189.0,18753.0
2010-01-01 00:00:00,2010-01-01 20:45:00,2010-01-01 21:00:00,18055.0,18734.0
2010-01-01 00:00:00,2010-01-01 21:00:00,2010-01-01 21:15:00,18240.0,19016.0
2010-01-01 00:00:00,2010-01-01 21:15:00,2010-01-01 21:30:00,18303.0,18940.0
2010-01-01 00:00:00,2010-01-01 21:30:00,2010-01-01 21:45:00,18380.0,18907.0
2010-01-01 00:00:00,2010-01-01 21:45:00,2010-01-01 22:00:00,18397.0,19224.0
2010-01-01 00:00:00,2010-01-01 22:00:00,2010-01-01 22:15:00,18791.0,19553.0
2010-01-01 00:00:00,2010-01-01 22:15:00,2010-01-01 22:30:00,18786.0,19297.0
2010-01-01 00:00:00,2010-01-01 22:30:00,2010-01-01 22:45:00,18576.0,19026.0
2010-01-01 00:00:00,2010-01-01 22:45:00,2010-01-01 23:00:00,18295.0,18658.0
2010-01-01 00:00:00,2010-01-01 23:00:00,2010-01-01 23:15:00,17951.0,18444.0
2010-01-01 00:00:00,2010-01-01 23:15:00,2010-01-01 23:30:00,17665.0,18008.0
2010-01-01 00:00:00,2010-01-01 23:30:00,2010-01-01 23:45:00,17139.0,17670.0
2010-01-01 00:00:00,2010-01-01 23:45:00,2010-01-01 00:00:00,16857.0,17274.0
2010-01-02 00:00:00,2010-01-02 00:00:00,2010-01-02 00:15:00,16558.0,17258.0
2010-01-02 00:00:00,2010-01-02 00:15:00,2010-01-02 00:30:00,16294.0,17020.0
2010-01-02 00:00:00,2010-01-02 00:30:00,2010-01-02 00:45:00,15981.0,16665.0
2010-01-02 00:00:00,2010-01-02 00:45:00,2010-01-02 01:00:00,15820.0,16426.0
2010-01-02 00:00:00,2010-01-02 01:00:00,2010-01-02 01:15:00,15695.0,16237.0
2010-01-02 00:00:00,2010-01-02 01:15:00,2010-01-02 01:30:00,15505.0,16111.0
2010-01-02 00:00:00,2010-01-02 01:30:00,2010-01-02 01:45:00,15277.0,15967.0
2010-01-02 00:00:00,2010-01-02 01:45:00,2010-01-02 02:00:00,15241.0,15881.0
2010-01-02 00:00:00,2010-01-02 02:00:00,2010-01-02 02:15:00,15260.0,16260.0
2010-01-02 00:00:00,2010-01-02 02:15:00,2010-01-02 02:30:00,15232.0,16366.0
2010-01-02 00:00:00,2010-01-02 02:30:00,2010-01-02 02:45:00,15124.0,16347.0
2010-01-02 00:00:00,2010-01-02 02:45:00,2010-01-02 03:00:00,15044.0,16462.0
2010-01-02 00:00:00,2010-01-02 03:00:00,2010-01-02 03:15:00,14989.0,16478.0
2010-01-02 00:00:00,2010-01-02 03:15:00,2010-01-02 03:30:00,14992.0,16836.0
2010-01-02 00:00:00,2010-01-02 03:30:00,2010-01-02 03:45:00,14987.0,17141.0
2010-01-02 00:00:00,2010-01-02 03:45:00,2010-01-02 04:00:00,15001.0,17566.0
2010-01-02 00:00:00,2010-01-02 04:00:00,2010-01-02 04:15:00,15023.0,18019.0
2010-01-02 00:00:00,2010-01-02 04:15:00,2010-01-02 04:30:00,14956.0,18158.0
2010-01-02 00:00:00,2010-01-02 04:30:00,2010-01-02 04:45:00,14900.0,18047.0
2010-01-02 00:00:00,2010-01-02 04:45:00,2010-01-02 05:00:00,14870.0,17895.0
2010-01-02 00:00:00,2010-01-02 05:00:00,2010-01-02 05:15:00,14843.0,17770.0
2010-01-02 00:00:00,2010-01-02 05:15:00,2010-01-02 05:30:00,14793.0,17686.0
2010-01-02 00:00:00,2010-01-02 05:30:00,2010-01-02 05:45:00,14744.0,17426.0
2010-01-02 00:00:00,2010-01-02 05:45:00,2010-01-02 06:00:00,14656.0,17192.0
2010-01-02 00:00:00,2010-01-02 06:00:00,2010-01-02 06:15:00,14272.0,16964.0
2010-01-02 00:00:00,2010-01-02 06:15:00,2010-01-02 06:30:00,14289.0,16971.0
2010-01-02 00:00:00,2010-01-02 06:30:00,2010-01-02 06:45:00,14408.0,17175.0
2010-01-02 00:00:00,2010-01-02 06:45:00,2010-01-02 07:00:00,14535.0,17300.0
2010-01-02 00:00:00,2010-01-02 07:00:00,2010-01-02 07:15:00,14556.0,17527.0
2010-01-02 00:00:00,2010-01-02 07:15:00,2010-01-02 07:30:00,14694.0,17866.0
2010-01-02 00:00:00,2010-01-02 07:30:00,2010-01-02 07:45:00,15013.0,18236.0
2010-01-02 00:00:00,2010-01-02 07:45:00,2010-01-02 08:00:00,15261.0,18762.0
2010-01-02 00:00:00,2010-01-02 08:00:00,2010-01-02 08:15:00,15942.0,19092.0
2010-01-02 00:00:00,2010-01-02 08:15:00,2010-01-02 08:30:00,16139.0,19471.0
2010-01-02 00:00:00,2010-01-02 08:30:00,2010-01-02 08:45:00,16394.0,19691.0
2010-01-02 00:00:00,2010-01-02 08:45:00,2010-01-02 09:00:00,16668.0,20119.0
2010-01-02 00:00:00,2010-01-02 09:00:00,2010-01-02 09:15:00,17206.0,20349.0
2010-01-02 00:00:00,2010-01-02 09:15:00,2010-01-02 09:30:00,17624.0,20727.0
2010-01-02 00:00:00,2010-01-02 09:30:00,2010-01-02 09:45:00,17856.0,21031.0
2010-01-02 00:00:00,2010-01-02 09:45:00,2010-01-02 10:00:00,18063.0,21349.0
2010-01-02 00:00:00,2010-01-02 10:00:00,2010-01-02 10:15:00,18342.0,21497.0
2010-01-02 00:00:00,2010-01-02 10:15:00,2010-01-02 10:30:00,18496.0,21542.0
2010-01-02 00:00:00,2010-01-02 10:30:00,2010-01-02 10:45:00,18572.0,21570.0
2010-01-02 00:00:00,2010-01-02 10:45:00,2010-01-02 11:00:00,18665.0,21562.0
2010-01-02 00:00:00,2010-01-02 11:00:00,2010-01-02 11:15:00,18861.0,21678.0
2010-01-02 00:00:00,2010-01-02 11:15:00,2010-01-02 11:30:00,19020.0,21687.0
2010-01-02 00:00:00,2010-01-02 11:30:00,2010-01-02 11:45:00,19178.0,21834.0
2010-01-02 00:00:00,2010-01-02 11:45:00,2010-01-02 12:00:00,19302.0,21870.0
2010-01-02 00:00:00,2010-01-02 12:00:00,2010-01-02 12:15:00,19639.0,22062.0
2010-01-02 00:00:00,2010-01-02 12:15:00,2010-01-02 12:30:00,19718.0,22077.0
2010-01-02 00:00:00,2010-01-02 12:30:00,2010-01-02 12:45:00,19742.0,22108.0
2010-01-02 00:00:00,2010-01-02 12:45:00,2010-01-02 13:00:00,19683.0,22069.0
2010-01-02 00:00:00,2010-01-02 13:00:00,2010-01-02 13:15:00,19612.0,21951.0
2010-01-02 00:00:00,2010-01-02 13:15:00,2010-01-02 13:30:00,19575.0,21882.0
2010-01-02 00:00:00,2010-01-02 13:30:00,2010-01-02 13:45:00,19572.0,22046.0
2010-01-02 00:00:00,2010-01-02 13:45:00,2010-01-02 14:00:00,19475.0,21770.0
2010-01-02 00:00:00,2010-01-02 14:00:00,2010-01-02 14:15:00,19327.0,21592.0
2010-01-02 00:00:00,2010-01-02 14:15:00,2010-01-02 14:30:00,19378.0,21631.0
2010-01-02 00:00:00,2010-01-02 14:30:00,2010-01-02 14:45:00,19428.0,21591.0
2010-01-02 00:00:00,2010-01-02 14:45:00,2010-01-02 15:00:00,19381.0,21526.0
2010-01-02 00:00:00,2010-01-02 15:00:00,2010-01-02 15:15:00,19460.0,21504.0
2010-01-02 00:00:00,2010-01-02 15:15:00,2010-01-02 15:30:00,19323.0,21602.0
2010-01-02 00:00:00,2010-01-02 15:30:00,2010-01-02 15:45:00,19529.0,21606.0
2010-01-02 00:00:00,2010-01-02 15:45:00,2010-01-02 16:00:00,19497.0,21584.0
2010-01-02 00:00:00,2010-01-02 16:00:00,2010-01-02 16:15:00,19665.0,21597.0
2010-01-02 00:00:00,2010-01-02 16:15:00,2010-01-02 16:30:00,19712.0,21920.0
2010-01-02 00:00:00,2010-01-02 16:30:00,2010-01-02 16:45:00,19996.0,22119.0
2010-01-02 00:00:00,2010-01-02 16:45:00,2010-01-02 17:00:00,20507.0,22651.0
2010-01-02 00:00:00,2010-01-02 17:00:00,2010-01-02 17:15:00,21027.0,23115.0
2010-01-02 00:00:00,2010-01-02 17:15:00,2010-01-02 17:30:00,21179.0,23103.0
2010-01-02 00:00:00,2010-01-02 17:30:00,2010-01-02 17:45:00,21356.0,23371.0
2010-01-02 00:00:00,2010-01-02 17:45:00,2010-01-02 18:00:00,21475.0,23349.0
2010-01-02 00:00:00,2010-01-02 18:00:00,2010-01-02 18:15:00,21337.0,23378.0
2010-01-02 00:00:00,2010-01-02 18:15:00,2010-01-02 18:30:00,21261.0,23358.0
2010-01-02 00:00:00,2010-01-02 18:30:00,2010-01-02 18:45:00,21234.0,23190.0
2010-01-02 00:00:00,2010-01-02 18:45:00,2010-01-02 19:00:00,21099.0,22953.0
2010-01-02 00:00:00,2010-01-02 19:00:00,2010-01-02 19:15:00,21048.0,22874.0
2010-01-02 00:00:00,2010-01-02 19:15:00,2010-01-02 19:30:00,20869.0,22701.0
2010-01-02 00:00:00,2010-01-02 19:30:00,2010-01-02 19:45:00,20770.0,22463.0
2010-01-02 00:00:00,2010-01-02 19:45:00,2010-01-02 20:00:00,20631.0,22227.0
2010-01-02 00:00:00,2010-01-02 20:00:00,2010-01-02 20:15:00,20397.0,22001.0
2010-01-02 00:00:00,2010-01-02 20:15:00,2010-01-02 20:30:00,20086.0,21557.0
2010-01-02 00:00:00,2010-01-02 20:30:00,2010-01-02 20:45:00,19752.0,21107.0
2010-01-02 00:00:00,2010-01-02 20:45:00,2010-01-02 21:00:00,19561.0,21013.0
2010-01-02 00:00:00,2010-01-02 21:00:00,2010-01-02 21:15:00,19688.0,21185.0
2010-01-02 00:00:00,2010-01-02 21:15:00,2010-01-02 21:30:00,19675.0,21213.0
2010-01-02 00:00:00,2010-01-02 21:30:00,2010-01-02 21:45:00,19486.0,21119.0
2010-01-02 00:00:00,2010-01-02 21:45:00,2010-01-02 22:00:00,19616.0,21418.0
2010-01-02 00:00:00,2010-01-02 22:00:00,2010-01-02 22:15:00,19778.0,21550.0
2010-01-02 00:00:00,2010-01-02 22:15:00,2010-01-02 22:30:00,19742.0,21380.0
2010-01-02 00:00:00,2010-01-02 22:30:00,2010-01-02 22:45:00,19640.0,21190.0
2010-01-02 00:00:00,2010-01-02 22:45:00,2010-01-02 23:00:00,19459.0,20876.0
2010-01-02 00:00:00,2010-01-02 23:00:00,2010-01-02 23:15:00,19193.0,20934.0
2010-01-02 00:00:00,2010-01-02 23:15:00,2010-01-02 23:30:00,18804.0,20652.0
2010-01-02 00:00:00,2010-01-02 23:30:00,2010-01-02 23:45:00,18526.0,20332.0
2010-01-02 00:00:00,2010-01-02 23:45:00,2010-01-02 00:00:00,18191.0,19951.0
2010-01-03 00:00:00,2010-01-03 00:00:00,2010-01-03 00:15:00,18529.0,18951.0
2010-01-03 00:00:00,2010-01-03 00:15:00,2010-01-03 00:30:00,18212.0,18948.0
2010-01-03 00:00:00,2010-01-03 00:30:00,2010-01-03 00:45:00,17979.0,18690.0
2010-01-03 00:00:00,2010-01-03 00:45:00,2010-01-03 01:00:00,17668.0,18465.0
2010-01-03 00:00:00,2010-01-03 01:00:00,2010-01-03 01:15:00,17362.0,18156.0
2010-01-03 00:00:00,2010-01-03 01:15:00,2010-01-03 01:30:00,17170.0,17989.0
2010-01-03 00:00:00,2010-01-03 01:30:00,2010-01-03 01:45:00,16853.0,17626.0
2010-01-03 00:00:00,2010-01-03 01:45:00,2010-01-03 02:00:00,16744.0,17506.0
2010-01-03 00:00:00,2010-01-03 02:00:00,2010-01-03 02:15:00,16697.0,16918.0
2010-01-03 00:00:00,2010-01-03 02:15:00,2010-01-03 02:30:00,16575.0,16818.0
2010-01-03 00:00:00,2010-01-03 02:30:00,2010-01-03 02:45:00,16432.0,16663.0
2010-01-03 00:00:00,2010-01-03 02:45:00,2010-01-03 03:00:00,16355.0,16547.0
2010-01-03 00:00:00,2010-01-03 03:00:00,2010-01-03 03:15:00,16256.0,16382.0
2010-01-03 00:00:00,2010-01-03 03:15:00,2010-01-03 03:30:00,16265.0,15939.0
2010-01-03 00:00:00,2010-01-03 03:30:00,2010-01-03 03:45:00,16194.0,15685.0
2010-01-03 00:00:00,2010-01-03 03:45:00,2010-01-03 04:00:00,16195.0,15528.0
2010-01-03 00:00:00,2010-01-03 04:00:00,2010-01-03 04:15:00,16171.0,15293.0
2010-01-03 00:00:00,2010-01-03 04:15:00,2010-01-03 04:30:00,16077.0,15153.0
2010-01-03 00:00:00,2010-01-03 04:30:00,2010-01-03 04:45:00,15979.0,15036.0
2010-01-03 00:00:00,2010-01-03 04:45:00,2010-01-03 05:00:00,15895.0,14896.0
2010-01-03 00:00:00,2010-01-03 05:00:00,2010-01-03 05:15:00,15666.0,14788.0
2010-01-03 00:00:00,2010-01-03 05:15:00,2010-01-03 05:30:00,15538.0,14620.0
2010-01-03 00:00:00,2010-01-03 05:30:00,2010-01-03 05:45:00,15445.0,14436.0
2010-01-03 00:00:00,2010-01-03 05:45:00,2010-01-03 06:00:00,15210.0,14282.0
2010-01-03 00:00:00,2010-01-03 06:00:00,2010-01-03 06:15:00,14830.0,13782.0
2010-01-03 00:00:00,2010-01-03 06:15:00,2010-01-03 06:30:00,14769.0,13638.0
2010-01-03 00:00:00,2010-01-03 06:30:00,2010-01-03 06:45:00,14854.0,13473.0
2010-01-03 00:00:00,2010-01-03 06:45:00,2010-01-03 07:00:00,14934.0,13421.0
2010-01-03 00:00:00,2010-01-03 07:00:00,2010-01-03 07:15:00,14880.0,13308.0
2010-01-03 00:00:00,2010-01-03 07:15:00,2010-01-03 07:30:00,14875.0,13294.0
2010-01-03 00:00:00,2010-01-03 07:30:00,2010-01-03 07:45:00,15067.0,13402.0
2010-01-03 00:00:00,2010-01-03 07:45:00,2010-01-03 08:00:00,15127.0,13380.0
2010-01-03 00:00:00,2010-01-03 08:00:00,2010-01-03 08:15:00,15435.0,13454.0
2010-01-03 00:00:00,2010-01-03 08:15:00,2010-01-03 08:30:00,15580.0,13573.0
2010-01-03 00:00:00,2010-01-03 08:30:00,2010-01-03 08:45:00,15928.0,13676.0
2010-01-03 00:00:00,2010-01-03 08:45:00,2010-01-03 09:00:00,16048.0,13764.0
2010-01-03 00:00:00,2010-01-03 09:00:00,2010-01-03 09:15:00,16548.0,14085.0
2010-01-03 00:00:00,2010-01-03 09:15:00,2010-01-03 09:30:00,16974.0,14411.0
2010-01-03 00:00:00,2010-01-03 09:30:00,2010-01-03 09:45:00,17333.0,14650.0
2010-01-03 00:00:00,2010-01-03 09:45:00,2010-01-03 10:00:00,17623.0,14899.0
2010-01-03 00:00:00,2010-01-03 10:00:00,2010-01-03 10:15:00,17994.0,15347.0
2010-01-03 00:00:00,2010-01-03 10:15:00,2010-01-03 10:30:00,18332.0,15847.0
2010-01-03 00:00:00,2010-01-03 10:30:00,2010-01-03 10:45:00,18597.0,16122.0
2010-01-03 00:00:00,2010-01-03 10:45:00,2010-01-03 11:00:00,18980.0,16345.0
2010-01-03 00:00:00,2010-01-03 11:00:00,2010-01-03 11:15:00,19281.0,16555.0
2010-01-03 00:00:00,2010-01-03 11:15:00,2010-01-03 11:30:00,19576.0,16876.0
2010-01-03 00:00:00,2010-01-03 11:30:00,2010-01-03 11:45:00,19814.0,17171.0
2010-01-03 00:00:00,2010-01-03 11:45:00,2010-01-03 12:00:00,20076.0,17331.0
2010-01-03 00:00:00,2010-01-03 12:00:00,2010-01-03 12:15:00,20331.0,17622.0
2010-01-03 00:00:00,2010-01-03 12:15:00,2010-01-03 12:30:00,20548.0,17900.0
2010-01-03 00:00:00,2010-01-03 12:30:00,2010-01-03 12:45:00,20589.0,18033.0
2010-01-03 00:00:00,2010-01-03 12:45:00,2010-01-03 13:00:00,20372.0,17999.0
2010-01-03 00:00:00,2010-01-03 13:00:00,2010-01-03 13:15:00,20238.0,18027.0
2010-01-03 00:00:00,2010-01-03 13:15:00,2010-01-03 13:30:00,20233.0,17989.0
2010-01-03 00:00:00,2010-01-03 13:30:00,2010-01-03 13:45:00,20176.0,18001.0
2010-01-03 00:00:00,2010-01-03 13:45:00,2010-01-03 14:00:00,20049.0,17972.0
2010-01-03 00:00:00,2010-01-03 14:00:00,2010-01-03 14:15:00,19823.0,17904.0
2010-01-03 00:00:00,2010-01-03 14:15:00,2010-01-03 14:30:00,19825.0,17810.0
2010-01-03 00:00:00,2010-01-03 14:30:00,2010-01-03 14:45:00,19832.0,17857.0
2010-01-03 00:00:00,2010-01-03 14:45:00,2010-01-03 15:00:00,19683.0,17774.0
2010-01-03 00:00:00,2010-01-03 15:00:00,2010-01-03 15:15:00,19595.0,17726.0
2010-01-03 00:00:00,2010-01-03 15:15:00,2010-01-03 15:30:00,19466.0,17744.0
2010-01-03 00:00:00,2010-01-03 15:30:00,2010-01-03 15:45:00,19385.0,17715.0
2010-01-03 00:00:00,2010-01-03 15:45:00,2010-01-03 16:00:00,19403.0,17722.0
2010-01-03 00:00:00,2010-01-03 16:00:00,2010-01-03 16:15:00,19831.0,17806.0
2010-01-03 00:00:00,2010-01-03 16:15:00,2010-01-03 16:30:00,19538.0,18037.0
2010-01-03 00:00:00,2010-01-03 16:30:00,2010-01-03 16:45:00,19799.0,18359.0
2010-01-03 00:00:00,2010-01-03 16:45:00,2010-01-03 17:00:00,20293.0,18775.0
2010-01-03 00:00:00,2010-01-03 17:00:00,2010-01-03 17:15:00,20894.0,19037.0
2010-01-03 00:00:00,2010-01-03 17:15:00,2010-01-03 17:30:00,21091.0,19212.0
2010-01-03 00:00:00,2010-01-03 17:30:00,2010-01-03 17:45:00,21247.0,19245.0
2010-01-03 00:00:00,2010-01-03 17:45:00,2010-01-03 18:00:00,21459.0,19327.0
2010-01-03 00:00:00,2010-01-03 18:00:00,2010-01-03 18:15:00,21734.0,19529.0
2010-01-03 00:00:00,2010-01-03 18:15:00,2010-01-03 18:30:00,21760.0,19610.0
2010-01-03 00:00:00,2010-01-03 18:30:00,2010-01-03 18:45:00,21602.0,19605.0
2010-01-03 00:00:00,2010-01-03 18:45:00,2010-01-03 19:00:00,21583.0,19527.0
2010-01-03 00:00:00,2010-01-03 19:00:00,2010-01-03 19:15:00,21438.0,19514.0
2010-01-03 00:00:00,2010-01-03 19:15:00,2010-01-03 19:30:00,21372.0,19332.0
2010-01-03 00:00:00,2010-01-03 19:30:00,2010-01-03 19:45:00,21281.0,19222.0
2010-01-03 00:00:00,2010-01-03 19:45:00,2010-01-03 20:00:00,21069.0,19071.0
2010-01-03 00:00:00,2010-01-03 20:00:00,2010-01-03 20:15:00,21050.0,19132.0
2010-01-03 00:00:00,2010-01-03 20:15:00,2010-01-03 20:30:00,20676.0,18857.0
2010-01-03 00:00:00,2010-01-03 20:30:00,2010-01-03 20:45:00,20506.0,18650.0
2010-01-03 00:00:00,2010-01-03 20:45:00,2010-01-03 21:00:00,20204.0,18537.0
2010-01-03 00:00:00,2010-01-03 21:00:00,2010-01-03 21:15:00,20710.0,18736.0
2010-01-03 00:00:00,2010-01-03 21:15:00,2010-01-03 21:30:00,20623.0,18810.0
2010-01-03 00:00:00,2010-01-03 21:30:00,2010-01-03 21:45:00,20603.0,18864.0
2010-01-03 00:00:00,2010-01-03 21:45:00,2010-01-03 22:00:00,20755.0,18952.0
2010-01-03 00:00:00,2010-01-03 22:00:00,2010-01-03 22:15:00,20981.0,19308.0
2010-01-03 00:00:00,2010-01-03 22:15:00,2010-01-03 22:30:00,20868.0,19262.0
2010-01-03 00:00:00,2010-01-03 22:30:00,2010-01-03 22:45:00,20760.0,19035.0
2010-01-03 00:00:00,2010-01-03 22:45:00,2010-01-03 23:00:00,20490.0,18718.0
2010-01-03 00:00:00,2010-01-03 23:00:00,2010-01-03 23:15:00,20203.0,18389.0
2010-01-03 00:00:00,2010-01-03 23:15:00,2010-01-03 23:30:00,19887.0,18048.0
2010-01-03 00:00:00,2010-01-03 23:30:00,2010-01-03 23:45:00,19594.0,17552.0
2010-01-03 00:00:00,2010-01-03 23:45:00,2010-01-03 00:00:00,19144.0,17285.0
2010-01-04 00:00:00,2010-01-04 00:00:00,2010-01-04 00:15:00,19038.0,16948.0
2010-01-04 00:00:00,2010-01-04 00:15:00,2010-01-04 00:30:00,18792.0,16728.0
2010-01-04 00:00:00,2010-01-04 00:30:00,2010-01-04 00:45:00,18664.0,16415.0
2010-01-04 00:00:00,2010-01-04 00:45:00,2010-01-04 01:00:00,18380.0,16231.0
2010-01-04 00:00:00,2010-01-04 01:00:00,2010-01-04 01:15:00,18099.0,16080.0
2010-01-04 00:00:00,2010-01-04 01:15:00,2010-01-04 01:30:00,17858.0,15924.0
2010-01-04 00:00:00,2010-01-04 01:30:00,2010-01-04 01:45:00,17753.0,15722.0
2010-01-04 00:00:00,2010-01-04 01:45:00,2010-01-04 02:00:00,17737.0,15678.0
2010-01-04 00:00:00,2010-01-04 02:00:00,2010-01-04 02:15:00,17568.0,15686.0
2010-01-04 00:00:00,2010-01-04 02:15:00,2010-01-04 02:30:00,17470.0,15660.0
2010-01-04 00:00:00,2010-01-04 02:30:00,2010-01-04 02:45:00,17524.0,15546.0
2010-01-04 00:00:00,2010-01-04 02:45:00,2010-01-04 03:00:00,17561.0,15470.0
2010-01-04 00:00:00,2010-01-04 03:00:00,2010-01-04 03:15:00,17449.0,15362.0
2010-01-04 00:00:00,2010-01-04 03:15:00,2010-01-04 03:30:00,17323.0,15374.0
2010-01-04 00:00:00,2010-01-04 03:30:00,2010-01-04 03:45:00,17337.0,15352.0
2010-01-04 00:00:00,2010-01-04 03:45:00,2010-01-04 04:00:00,17131.0,15356.0
2010-01-04 00:00:00,2010-01-04 04:00:00,2010-01-04 04:15:00,17259.0,15336.0
2010-01-04 00:00:00,2010-01-04 04:15:00,2010-01-04 04:30:00,17304.0,15178.0
2010-01-04 00:00:00,2010-01-04 04:30:00,2010-01-04 04:45:00,17239.0,15236.0
2010-01-04 00:00:00,2010-01-04 04:45:00,2010-01-04 05:00:00,17252.0,15324.0
2010-01-04 00:00:00,2010-01-04 05:00:00,2010-01-04 05:15:00,17529.0,15514.0
2010-01-04 00:00:00,2010-01-04 05:15:00,2010-01-04 05:30:00,17792.0,15572.0
2010-01-04 00:00:00,2010-01-04 05:30:00,2010-01-04 05:45:00,18137.0,15712.0
2010-01-04 00:00:00,2010-01-04 05:45:00,2010-01-04 06:00:00,18550.0,15989.0
2010-01-04 00:00:00,2010-01-04 06:00:00,2010-01-04 06:15:00,19407.0,16282.0
2010-01-04 00:00:00,2010-01-04 06:15:00,2010-01-04 06:30:00,19951.0,16721.0
2010-01-04 00:00:00,2010-01-04 06:30:00,2010-01-04 06:45:00,20515.0,17040.0
2010-01-04 00:00:00,2010-01-04 06:45:00,2010-01-04 07:00:00,21114.0,17479.0
2010-01-04 00:00:00,2010-01-04 07:00:00,2010-01-04 07:15:00,21805.0,17844.0
2010-01-04 00:00:00,2010-01-04 07:15:00,2010-01-04 07:30:00,22265.0,18220.0
2010-01-04 00:00:00,2010-01-04 07:30:00,2010-01-04 07:45:00,22948.0,18738.0
2010-01-04 00:00:00,2010-01-04 07:45:00,2010-01-04 08:00:00,23430.0,18993.0
2010-01-04 00:00:00,2010-01-04 08:00:00,2010-01-04 08:15:00,23712.0,19529.0
2010-01-04 00:00:00,2010-01-04 08:15:00,2010-01-04 08:30:00,23905.0,19649.0
2010-01-04 00:00:00,2010-01-04 08:30:00,2010-01-04 08:45:00,24200.0,19820.0
2010-01-04 00:00:00,2010-01-04 08:45:00,2010-01-04 09:00:00,24161.0,19851.0
2010-01-04 00:00:00,2010-01-04 09:00:00,2010-01-04 09:15:00,24316.0,20221.0
2010-01-04 00:00:00,2010-01-04 09:15:00,2010-01-04 09:30:00,24542.0,20401.0
2010-01-04 00:00:00,2010-01-04 09:30:00,2010-01-04 09:45:00,24668.0,20476.0
2010-01-04 00:00:00,2010-01-04 09:45:00,2010-01-04 10:00:00,24928.0,20476.0
2010-01-04 00:00:00,2010-01-04 10:00:00,2010-01-04 10:15:00,25066.0,20685.0
2010-01-04 00:00:00,2010-01-04 10:15:00,2010-01-04 10:30:00,25149.0,20694.0
2010-01-04 00:00:00,2010-01-04 10:30:00,2010-01-04 10:45:00,25192.0,20795.0
2010-01-04 00:00:00,2010-01-04 10:45:00,2010-01-04 11:00:00,25324.0,20857.0
2010-01-04 00:00:00,2010-01-04 11:00:00,2010-01-04 11:15:00,25454.0,21010.0
2010-01-04 00:00:00,2010-01-04 11:15:00,2010-01-04 11:30:00,25582.0,21100.0
2010-01-04 00:00:00,2010-01-04 11:30:00,2010-01-04 11:45:00,25780.0,21173.0
2010-01-04 00:00:00,2010-01-04 11:45:00,2010-01-04 12:00:00,25845.0,21234.0
2010-01-04 00:00:00,2010-01-04 12:00:00,2010-01-04 12:15:00,25985.0,21426.0
2010-01-04 00:00:00,2010-01-04 12:15:00,2010-01-04 12:30:00,26120.0,22222.0
2010-01-04 00:00:00,2010-01-04 12:30:00,2010-01-04 12:45:00,26100.0,22308.0
2010-01-04 00:00:00,2010-01-04 12:45:00,2010-01-04 13:00:00,26001.0,22267.0
2010-01-04 00:00:00,2010-01-04 13:00:00,2010-01-04 13:15:00,26049.0,22469.0
2010-01-04 00:00:00,2010-01-04 13:15:00,2010-01-04 13:30:00,26000.0,22391.0
2010-01-04 00:00:00,2010-01-04 13:30:00,2010-01-04 13:45:00,26048.0,22326.0
2010-01-04 00:00:00,2010-01-04 13:45:00,2010-01-04 14:00:00,25853.0,22184.0
2010-01-04 00:00:00,2010-01-04 14:00:00,2010-01-04 14:15:00,25694.0,22078.0
2010-01-04 00:00:00,2010-01-04 14:15:00,2010-01-04 14:30:00,25538.0,22026.0
2010-01-04 00:00:00,2010-01-04 14:30:00,2010-01-04 14:45:00,25535.0,21965.0
2010-01-04 00:00:00,2010-01-04 14:45:00,2010-01-04 15:00:00,25353.0,21846.0
2010-01-04 00:00:00,2010-01-04 15:00:00,2010-01-04 15:15:00,25399.0,21924.0
2010-01-04 00:00:00,2010-01-04 15:15:00,2010-01-04 15:30:00,25095.0,21949.0
2010-01-04 00:00:00,2010-01-04 15:30:00,2010-01-04 15:45:00,25154.0,21959.0
2010-01-04 00:00:00,2010-01-04 15:45:00,2010-01-04 16:00:00,24964.0,21893.0
2010-01-04 00:00:00,2010-01-04 16:00:00,2010-01-04 16:15:00,24956.0,21918.0
2010-01-04 00:00:00,2010-01-04 16:15:00,2010-01-04 16:30:00,25046.0,22146.0
2010-01-04 00:00:00,2010-01-04 16:30:00,2010-01-04 16:45:00,25130.0,22428.0
2010-01-04 00:00:00,2010-01-04 16:45:00,2010-01-04 17:00:00,25612.0,23007.0
2010-01-04 00:00:00,2010-01-04 17:00:00,2010-01-04 17:15:00,26224.0,23443.0
2010-01-04 00:00:00,2010-01-04 17:15:00,2010-01-04 17:30:00,26543.0,23643.0
2010-01-04 00:00:00,2010-01-04 17:30:00,2010-01-04 17:45:00,26556.0,23699.0
2010-01-04 00:00:00,2010-01-04 17:45:00,2010-01-04 18:00:00,26702.0,23697.0
2010-01-04 00:00:00,2010-01-04 18:00:00,2010-01-04 18:15:00,26513.0,23765.0
2010-01-04 00:00:00,2010-01-04 18:15:00,2010-01-04 18:30:00,26435.0,23745.0
2010-01-04 00:00:00,2010-01-04 18:30:00,2010-01-04 18:45:00,26434.0,23652.0
2010-01-04 00:00:00,2010-01-04 18:45:00,2010-01-04 19:00:00,26225.0,23485.0
2010-01-04 00:00:00,2010-01-04 19:00:00,2010-01-04 19:15:00,26295.0,23453.0
2010-01-04 00:00:00,2010-01-04 19:15:00,2010-01-04 19:30:00,26061.0,23178.0
2010-01-04 00:00:00,2010-01-04 19:30:00,2010-01-04 19:45:00,25832.0,22959.0
2010-01-04 00:00:00,2010-01-04 19:45:00,2010-01-04 20:00:00,25767.0,22746.0
2010-01-04 00:00:00,2010-01-04 20:00:00,2010-01-04 20:15:00,25508.0,22576.0
2010-01-04 00:00:00,2010-01-04 20:15:00,2010-01-04 20:30:00,24997.0,22149.0
2010-01-04 00:00:00,2010-01-04 20:30:00,2010-01-04 20:45:00,24644.0,21905.0
2010-01-04 00:00:00,2010-01-04 20:45:00,2010-01-04 21:00:00,24308.0,21685.0
2010-01-04 00:00:00,2010-01-04 21:00:00,2010-01-04 21:15:00,24516.0,21617.0
2010-01-04 00:00:00,2010-01-04 21:15:00,2010-01-04 21:30:00,24453.0,21628.0
2010-01-04 00:00:00,2010-01-04 21:30:00,2010-01-04 21:45:00,24264.0,21574.0
2010-01-04 00:00:00,2010-01-04 21:45:00,2010-01-04 22:00:00,24255.0,21395.0
2010-01-04 00:00:00,2010-01-04 22:00:00,2010-01-04 22:15:00,24384.0,21401.0
2010-01-04 00:00:00,2010-01-04 22:15:00,2010-01-04 22:30:00,24067.0,21279.0
2010-01-04 00:00:00,2010-01-04 22:30:00,2010-01-04 22:45:00,23633.0,20990.0
2010-01-04 00:00:00,2010-01-04 22:45:00,2010-01-04 23:00:00,23220.0,20446.0
2010-01-04 00:00:00,2010-01-04 23:00:00,2010-01-04 23:15:00,22758.0,20140.0
2010-01-04 00:00:00,2010-01-04 23:15:00,2010-01-04 23:30:00,22384.0,19712.0
2010-01-04 00:00:00,2010-01-04 23:30:00,2010-01-04 23:45:00,22031.0,19238.0
2010-01-04 00:00:00,2010-01-04 23:45:00,2010-01-04 00:00:00,21731.0,18996.0
2010-01-05 00:00:00,2010-01-05 00:00:00,2010-01-05 00:15:00,20989.0,18042.0
2010-01-05 00:00:00,2010-01-05 00:15:00,2010-01-05 00:30:00,20790.0,17714.0
2010-01-05 00:00:00,2010-01-05 00:30:00,2010-01-05 00:45:00,20374.0,17447.0
2010-01-05 00:00:00,2010-01-05 00:45:00,2010-01-05 01:00:00,20186.0,17213.0
2010-01-05 00:00:00,2010-01-05 01:00:00,2010-01-05 01:15:00,19977.0,17054.0
2010-01-05 00:00:00,2010-01-05 01:15:00,2010-01-05 01:30:00,19833.0,16951.0
2010-01-05 00:00:00,2010-01-05 01:30:00,2010-01-05 01:45:00,19634.0,16899.0
2010-01-05 00:00:00,2010-01-05 01:45:00,2010-01-05 02:00:00,19568.0,16805.0
2010-01-05 00:00:00,2010-01-05 02:00:00,2010-01-05 02:15:00,19365.0,16742.0
2010-01-05 00:00:00,2010-01-05 02:15:00,2010-01-05 02:30:00,19228.0,16617.0
2010-01-05 00:00:00,2010-01-05 02:30:00,2010-01-05 02:45:00,19125.0,16599.0
2010-01-05 00:00:00,2010-01-05 02:45:00,2010-01-05 03:00:00,19085.0,16470.0
2010-01-05 00:00:00,2010-01-05 03:00:00,2010-01-05 03:15:00,18965.0,16233.0
2010-01-05 00:00:00,2010-01-05 03:15:00,2010-01-05 03:30:00,19025.0,16171.0
2010-01-05 00:00:00,2010-01-05 03:30:00,2010-01-05 03:45:00,18920.0,15969.0
2010-01-05 00:00:00,2010-01-05 03:45:00,2010-01-05 04:00:00,18854.0,15779.0
2010-01-05 00:00:00,2010-01-05 04:00:00,2010-01-05 04:15:00,18915.0,15613.0
2010-01-05 00:00:00,2010-01-05 04:15:00,2010-01-05 04:30:00,19034.0,15614.0
2010-01-05 00:00:00,2010-01-05 04:30:00,2010-01-05 04:45:00,19075.0,15620.0
2010-01-05 00:00:00,2010-01-05 04:45:00,2010-01-05 05:00:00,19154.0,15714.0
2010-01-05 00:00:00,2010-01-05 05:00:00,2010-01-05 05:15:00,19201.0,15834.0
2010-01-05 00:00:00,2010-01-05 05:15:00,2010-01-05 05:30:00,19283.0,15879.0
2010-01-05 00:00:00,2010-01-05 05:30:00,2010-01-05 05:45:00,19578.0,16030.0
2010-01-05 00:00:00,2010-01-05 05:45:00,2010-01-05 06:00:00,19957.0,16100.0
2010-01-05 00:00:00,2010-01-05 06:00:00,2010-01-05 06:15:00,20547.0,16142.0
2010-01-05 00:00:00,2010-01-05 06:15:00,2010-01-05 06:30:00,21279.0,16418.0
2010-01-05 00:00:00,2010-01-05 06:30:00,2010-01-05 06:45:00,21773.0,16814.0
2010-01-05 00:00:00,2010-01-05 06:45:00,2010-01-05 07:00:00,22214.0,17096.0
2010-01-05 00:00:00,2010-01-05 07:00:00,2010-01-05 07:15:00,22777.0,17448.0
2010-01-05 00:00:00,2010-01-05 07:15:00,2010-01-05 07:30:00,23283.0,17820.0
2010-01-05 00:00:00,2010-01-05 07:30:00,2010-01-05 07:45:00,23833.0,18223.0
2010-01-05 00:00:00,2010-01-05 07:45:00,2010-01-05 08:00:00,24218.0,18365.0
2010-01-05 00:00:00,2010-01-05 08:00:00,2010-01-05 08:15:00,24671.0,19032.0
2010-01-05 00:00:00,2010-01-05 08:15:00,2010-01-05 08:30:00,24879.0,19175.0
2010-01-05 00:00:00,2010-01-05 08:30:00,2010-01-05 08:45:00,24968.0,19363.0
2010-01-05 00:00:00,2010-01-05 08:45:00,2010-01-05 09:00:00,25090.0,19418.0
2010-01-05 00:00:00,2010-01-05 09:00:00,2010-01-05 09:15:00,25041.0,19834.0
2010-01-05 00:00:00,2010-01-05 09:15:00,2010-01-05 09:30:00,25248.0,20015.0
2010-01-05 00:00:00,2010-01-05 09:30:00,2010-01-05 09:45:00,25487.0,20052.0
2010-01-05 00:00:00,2010-01-05 09:45:00,2010-01-05 10:00:00,25476.0,20192.0
2010-01-05 00:00:00,2010-01-05 10:00:00,2010-01-05 10:15:00,25550.0,20342.0
2010-01-05 00:00:00,2010-01-05 10:15:00,2010-01-05 10:30:00,25572.0,20494.0
2010-01-05 00:00:00,2010-01-05 10:30:00,2010-01-05 10:45:00,25766.0,20601.0
2010-01-05 00:00:00,2010-01-05 10:45:00,2010-01-05 11:00:00,25941.0,20732.0
2010-01-05 00:00:00,2010-01-05 11:00:00,2010-01-05 11:15:00,26021.0,20890.0
2010-01-05 00:00:00,2010-01-05 11:15:00,2010-01-05 11:30:00,26199.0,21105.0
2010-01-05 00:00:00,2010-01-05 11:30:00,2010-01-05 11:45:00,26352.0,21189.0
2010-01-05 00:00:00,2010-01-05 11:45:00,2010-01-05 12:00:00,26394.0,21251.0
2010-01-05 00:00:00,2010-01-05 12:00:00,2010-01-05 12:15:00,26355.0,21454.0
2010-01-05 00:00:00,2010-01-05 12:15:00,2010-01-05 12:30:00,26424.0,21081.0
2010-01-05 00:00:00,2010-01-05 12:30:00,2010-01-05 12:45:00,26483.0,21024.0
2010-01-05 00:00:00,2010-01-05 12:45:00,2010-01-05 13:00:00,26463.0,20933.0
2010-01-05 00:00:00,2010-01-05 13:00:00,2010-01-05 13:15:00,26561.0,21142.0
2010-01-05 00:00:00,2010-01-05 13:15:00,2010-01-05 13:30:00,26505.0,21128.0
2010-01-05 00:00:00,2010-01-05 13:30:00,2010-01-05 13:45:00,26374.0,21086.0
2010-01-05 00:00:00,2010-01-05 13:45:00,2010-01-05 14:00:00,26016.0,21105.0
2010-01-05 00:00:00,2010-01-05 14:00:00,2010-01-05 14:15:00,25965.0,20876.0
2010-01-05 00:00:00,2010-01-05 14:15:00,2010-01-05 14:30:00,25913.0,20836.0
2010-01-05 00:00:00,2010-01-05 14:30:00,2010-01-05 14:45:00,25826.0,20821.0
2010-01-05 00:00:00,2010-01-05 14:45:00,2010-01-05 15:00:00,25658.0,20734.0
2010-01-05 00:00:00,2010-01-05 15:00:00,2010-01-05 15:15:00,25646.0,20840.0
2010-01-05 00:00:00,2010-01-05 15:15:00,2010-01-05 15:30:00,25600.0,20608.0
2010-01-05 00:00:00,2010-01-05 15:30:00,2010-01-05 15:45:00,25575.0,20711.0
2010-01-05 00:00:00,2010-01-05 15:45:00,2010-01-05 16:00:00,25371.0,20722.0
2010-01-05 00:00:00,2010-01-05 16:00:00,2010-01-05 16:15:00,25391.0,20923.0
2010-01-05 00:00:00,2010-01-05 16:15:00,2010-01-05 16:30:00,25445.0,20983.0
2010-01-05 00:00:00,2010-01-05 16:30:00,2010-01-05 16:45:00,25579.0,21304.0
2010-01-05 00:00:00,2010-01-05 16:45:00,2010-01-05 17:00:00,25952.0,21658.0
2010-01-05 00:00:00,2010-01-05 17:00:00,2010-01-05 17:15:00,26336.0,22055.0
2010-01-05 00:00:00,2010-01-05 17:15:00,2010-01-05 17:30:00,26690.0,22204.0
2010-01-05 00:00:00,2010-01-05 17:30:00,2010-01-05 17:45:00,26840.0,22240.0
2010-01-05 00:00:00,2010-01-05 17:45:00,2010-01-05 18:00:00,26880.0,22155.0
2010-01-05 00:00:00,2010-01-05 18:00:00,2010-01-05 18:15:00,26803.0,22183.0
2010-01-05 00:00:00,2010-01-05 18:15:00,2010-01-05 18:30:00,26737.0,22193.0
2010-01-05 00:00:00,2010-01-05 18:30:00,2010-01-05 18:45:00,26604.0,22094.0
2010-01-05 00:00:00,2010-01-05 18:45:00,2010-01-05 19:00:00,26519.0,22039.0
2010-01-05 00:00:00,2010-01-05 19:00:00,2010-01-05 19:15:00,26407.0,22014.0
2010-01-05 00:00:00,2010-01-05 19:15:00,2010-01-05 19:30:00,26197.0,21808.0
2010-01-05 00:00:00,2010-01-05 19:30:00,2010-01-05 19:45:00,25982.0,21616.0
2010-01-05 00:00:00,2010-01-05 19:45:00,2010-01-05 20:00:00,25924.0,21445.0
2010-01-05 00:00:00,2010-01-05 20:00:00,2010-01-05 20:15:00,25537.0,21242.0
2010-01-05 00:00:00,2010-01-05 20:15:00,2010-01-05 20:30:00,25153.0,20950.0
2010-01-05 00:00:00,2010-01-05 20:30:00,2010-01-05 20:45:00,24805.0,20680.0
2010-01-05 00:00:00,2010-01-05 20:45:00,2010-01-05 21:00:00,24559.0,20446.0
2010-01-05 00:00:00,2010-01-05 21:00:00,2010-01-05 21:15:00,24530.0,20527.0
2010-01-05 00:00:00,2010-01-05 21:15:00,2010-01-05 21:30:00,24409.0,20602.0
2010-01-05 00:00:00,2010-01-05 21:30:00,2010-01-05 21:45:00,24070.0,20545.0
2010-01-05 00:00:00,2010-01-05 21:45:00,2010-01-05 22:00:00,24056.0,20410.0
2010-01-05 00:00:00,2010-01-05 22:00:00,2010-01-05 22:15:00,23979.0,20369.0
2010-01-05 00:00:00,2010-01-05 22:15:00,2010-01-05 22:30:00,23665.0,20289.0
2010-01-05 00:00:00,2010-01-05 22:30:00,2010-01-05 22:45:00,23436.0,20058.0
2010-01-05 00:00:00,2010-01-05 22:45:00,2010-01-05 23:00:00,23082.0,19689.0
2010-01-05 00:00:00,2010-01-05 23:00:00,2010-01-05 23:15:00,22555.0,19098.0
2010-01-05 00:00:00,2010-01-05 23:15:00,2010-01-05 23:30:00,22192.0,18519.0
2010-01-05 00:00:00,2010-01-05 23:30:00,2010-01-05 23:45:00,21746.0,18009.0
2010-01-05 00:00:00,2010-01-05 23:45:00,2010-01-05 00:00:00,21497.0,17776.0
2010-01-06 00:00:00,2010-01-06 00:00:00,2010-01-06 00:15:00,21625.0,18108.0
2010-01-06 00:00:00,2010-01-06 00:15:00,2010-01-06 00:30:00,21292.0,17701.0
2010-01-06 00:00:00,2010-01-06 00:30:00,2010-01-06 00:45:00,21059.0,17456.0
2010-01-06 00:00:00,2010-01-06 00:45:00,2010-01-06 01:00:00,20768.0,17175.0
2010-01-06 00:00:00,2010-01-06 01:00:00,2010-01-06 01:15:00,20640.0,16969.0
2010-01-06 00:00:00,2010-01-06 01:15:00,2010-01-06 01:30:00,20438.0,16794.0
2010-01-06 00:00:00,2010-01-06 01:30:00,2010-01-06 01:45:00,20362.0,16640.0
2010-01-06 00:00:00,2010-01-06 01:45:00,2010-01-06 02:00:00,20329.0,16553.0
2010-01-06 00:00:00,2010-01-06 02:00:00,2010-01-06 02:15:00,20127.0,17329.0
2010-01-06 00:00:00,2010-01-06 02:15:00,2010-01-06 02:30:00,20084.0,17382.0
2010-01-06 00:00:00,2010-01-06 02:30:00,2010-01-06 02:45:00,20008.0,17578.0
2010-01-06 00:00:00,2010-01-06 02:45:00,2010-01-06 03:00:00,19953.0,17796.0
2010-01-06 00:00:00,2010-01-06 03:00:00,2010-01-06 03:15:00,19849.0,17732.0
2010-01-06 00:00:00,2010-01-06 03:15:00,2010-01-06 03:30:00,19858.0,18098.0
2010-01-06 00:00:00,2010-01-06 03:30:00,2010-01-06 03:45:00,19670.0,18506.0
2010-01-06 00:00:00,2010-01-06 03:45:00,2010-01-06 04:00:00,19709.0,18987.0
2010-01-06 00:00:00,2010-01-06 04:00:00,2010-01-06 04:15:00,19856.0,19665.0
2010-01-06 00:00:00,2010-01-06 04:15:00,2010-01-06 04:30:00,19987.0,19614.0
2010-01-06 00:00:00,2010-01-06 04:30:00,2010-01-06 04:45:00,19933.0,19680.0
2010-01-06 00:00:00,2010-01-06 04:45:00,2010-01-06 05:00:00,19986.0,19796.0
2010-01-06 00:00:00,2010-01-06 05:00:00,2010-01-06 05:15:00,20235.0,20184.0
2010-01-06 00:00:00,2010-01-06 05:15:00,2010-01-06 05:30:00,20272.0,20400.0
2010-01-06 00:00:00,2010-01-06 05:30:00,2010-01-06 05:45:00,20503.0,20977.0
2010-01-06 00:00:00,2010-01-06 05:45:00,2010-01-06 06:00:00,20604.0,21542.0
2010-01-06 00:00:00,2010-01-06 06:00:00,2010-01-06 06:15:00,21224.0,23162.0
2010-01-06 00:00:00,2010-01-06 06:15:00,2010-01-06 06:30:00,21949.0,24478.0
2010-01-06 00:00:00,2010-01-06 06:30:00,2010-01-06 06:45:00,22484.0,25691.0
2010-01-06 00:00:00,2010-01-06 06:45:00,2010-01-06 07:00:00,22925.0,26588.0
2010-01-06 00:00:00,2010-01-06 07:00:00,2010-01-06 07:15:00,23556.0,27562.0
2010-01-06 00:00:00,2010-01-06 07:15:00,2010-01-06 07:30:00,23893.0,27955.0
2010-01-06 00:00:00,2010-01-06 07:30:00,2010-01-06 07:45:00,24320.0,28043.0
2010-01-06 00:00:00,2010-01-06 07:45:00,2010-01-06 08:00:00,24671.0,28299.0
2010-01-06 00:00:00,2010-01-06 08:00:00,2010-01-06 08:15:00,25105.0,29011.0
2010-01-06 00:00:00,2010-01-06 08:15:00,2010-01-06 08:30:00,25401.0,28860.0
2010-01-06 00:00:00,2010-01-06 08:30:00,2010-01-06 08:45:00,25451.0,28750.0
2010-01-06 00:00:00,2010-01-06 08:45:00,2010-01-06 09:00:00,25503.0,28179.0
2010-01-06 00:00:00,2010-01-06 09:00:00,2010-01-06 09:15:00,25492.0,27861.0
2010-01-06 00:00:00,2010-01-06 09:15:00,2010-01-06 09:30:00,25685.0,28030.0
2010-01-06 00:00:00,2010-01-06 09:30:00,2010-01-06 09:45:00,25903.0,28051.0
2010-01-06 00:00:00,2010-01-06 09:45:00,2010-01-06 10:00:00,26027.0,27985.0
2010-01-06 00:00:00,2010-01-06 10:00:00,2010-01-06 10:15:00,26024.0,27913.0
2010-01-06 00:00:00,2010-01-06 10:15:00,2010-01-06 10:30:00,26141.0,27975.0
2010-01-06 00:00:00,2010-01-06 10:30:00,2010-01-06 10:45:00,26389.0,27914.0
2010-01-06 00:00:00,2010-01-06 10:45:00,2010-01-06 11:00:00,26487.0,28083.0
2010-01-06 00:00:00,2010-01-06 11:00:00,2010-01-06 11:15:00,26597.0,28083.0
2010-01-06 00:00:00,2010-01-06 11:15:00,2010-01-06 11:30:00,26787.0,28096.0
2010-01-06 00:00:00,2010-01-06 11:30:00,2010-01-06 11:45:00,27010.0,28020.0
2010-01-06 00:00:00,2010-01-06 11:45:00,2010-01-06 12:00:00,26990.0,28143.0
2010-01-06 00:00:00,2010-01-06 12:00:00,2010-01-06 12:15:00,27029.0,28252.0
2010-01-06 00:00:00,2010-01-06 12:15:00,2010-01-06 12:30:00,26965.0,28323.0
2010-01-06 00:00:00,2010-01-06 12:30:00,2010-01-06 12:45:00,26991.0,28394.0
2010-01-06 00:00:00,2010-01-06 12:45:00,2010-01-06 13:00:00,26974.0,28494.0
2010-01-06 00:00:00,2010-01-06 13:00:00,2010-01-06 13:15:00,26996.0,28716.0
2010-01-06 00:00:00,2010-01-06 13:15:00,2010-01-06 13:30:00,26799.0,28717.0
2010-01-06 00:00:00,2010-01-06 13:30:00,2010-01-06 13:45:00,26756.0,28462.0
2010-01-06 00:00:00,2010-01-06 13:45:00,2010-01-06 14:00:00,26418.0,28150.0
2010-01-06 00:00:00,2010-01-06 14:00:00,2010-01-06 14:15:00,26296.0,28088.0
2010-01-06 00:00:00,2010-01-06 14:15:00,2010-01-06 14:30:00,26253.0,28048.0
2010-01-06 00:00:00,2010-01-06 14:30:00,2010-01-06 14:45:00,26168.0,28129.0
2010-01-06 00:00:00,2010-01-06 14:45:00,2010-01-06 15:00:00,25999.0,27873.0
2010-01-06 00:00:00,2010-01-06 15:00:00,2010-01-06 15:15:00,26043.0,27723.0
2010-01-06 00:00:00,2010-01-06 15:15:00,2010-01-06 15:30:00,25947.0,27751.0
2010-01-06 00:00:00,2010-01-06 15:30:00,2010-01-06 15:45:00,25966.0,27677.0
2010-01-06 00:00:00,2010-01-06 15:45:00,2010-01-06 16:00:00,25797.0,27493.0
2010-01-06 00:00:00,2010-01-06 16:00:00,2010-01-06 16:15:00,25823.0,27682.0
2010-01-06 00:00:00,2010-01-06 16:15:00,2010-01-06 16:30:00,25800.0,27814.0
2010-01-06 00:00:00,2010-01-06 16:30:00,2010-01-06 16:45:00,25995.0,27895.0
2010-01-06 00:00:00,2010-01-06 16:45:00,2010-01-06 17:00:00,26458.0,28235.0
2010-01-06 00:00:00,2010-01-06 17:00:00,2010-01-06 17:15:00,27018.0,28842.0
2010-01-06 00:00:00,2010-01-06 17:15:00,2010-01-06 17:30:00,27118.0,28990.0
2010-01-06 00:00:00,2010-01-06 17:30:00,2010-01-06 17:45:00,27169.0,29102.0
2010-01-06 00:00:00,2010-01-06 17:45:00,2010-01-06 18:00:00,27254.0,29114.0
2010-01-06 00:00:00,2010-01-06 18:00:00,2010-01-06 18:15:00,27213.0,28709.0
2010-01-06 00:00:00,2010-01-06 18:15:00,2010-01-06 18:30:00,27095.0,28817.0
2010-01-06 00:00:00,2010-01-06 18:30:00,2010-01-06 18:45:00,27077.0,28582.0
2010-01-06 00:00:00,2010-01-06 18:45:00,2010-01-06 19:00:00,27012.0,28586.0
2010-01-06 00:00:00,2010-01-06 19:00:00,2010-01-06 19:15:00,26869.0,28587.0
2010-01-06 00:00:00,2010-01-06 19:15:00,2010-01-06 19:30:00,26633.0,28420.0
2010-01-06 00:00:00,2010-01-06 19:30:00,2010-01-06 19:45:00,26315.0,28392.0
2010-01-06 00:00:00,2010-01-06 19:45:00,2010-01-06 20:00:00,26245.0,28064.0
2010-01-06 00:00:00,2010-01-06 20:00:00,2010-01-06 20:15:00,25836.0,27437.0
2010-01-06 00:00:00,2010-01-06 20:15:00,2010-01-06 20:30:00,25541.0,27036.0
2010-01-06 00:00:00,2010-01-06 20:30:00,2010-01-06 20:45:00,25095.0,26656.0
2010-01-06 00:00:00,2010-01-06 20:45:00,2010-01-06 21:00:00,24915.0,26268.0
2010-01-06 00:00:00,2010-01-06 21:00:00,2010-01-06 21:15:00,25043.0,26486.0
2010-01-06 00:00:00,2010-01-06 21:15:00,2010-01-06 21:30:00,25084.0,26251.0
2010-01-06 00:00:00,2010-01-06 21:30:00,2010-01-06 21:45:00,24790.0,25683.0
2010-01-06 00:00:00,2010-01-06 21:45:00,2010-01-06 22:00:00,24643.0,25475.0
2010-01-06 00:00:00,2010-01-06 22:00:00,2010-01-06 22:15:00,24627.0,25042.0
2010-01-06 00:00:00,2010-01-06 22:15:00,2010-01-06 22:30:00,24477.0,24821.0
2010-01-06 00:00:00,2010-01-06 22:30:00,2010-01-06 22:45:00,24143.0,24480.0
2010-01-06 00:00:00,2010-01-06 22:45:00,2010-01-06 23:00:00,23752.0,23827.0
2010-01-06 00:00:00,2010-01-06 23:00:00,2010-01-06 23:15:00,23234.0,23095.0
2010-01-06 00:00:00,2010-01-06 23:15:00,2010-01-06 23:30:00,22727.0,22616.0
2010-01-06 00:00:00,2010-01-06 23:30:00,2010-01-06 23:45:00,22374.0,22141.0
2010-01-06 00:00:00,2010-01-06 23:45:00,2010-01-06 00:00:00,22068.0,21540.0
2010-01-07 00:00:00,2010-01-07 00:00:00,2010-01-07 00:15:00,21651.0,21475.0
2010-01-07 00:00:00,2010-01-07 00:15:00,2010-01-07 00:30:00,21343.0,21012.0
2010-01-07 00:00:00,2010-01-07 00:30:00,2010-01-07 00:45:00,21157.0,20696.0
2010-01-07 00:00:00,2010-01-07 00:45:00,2010-01-07 01:00:00,20963.0,20338.0
2010-01-07 00:00:00,2010-01-07 01:00:00,2010-01-07 01:15:00,20741.0,19992.0
2010-01-07 00:00:00,2010-01-07 01:15:00,2010-01-07 01:30:00,20495.0,19755.0
2010-01-07 00:00:00,2010-01-07 01:30:00,2010-01-07 01:45:00,20290.0,19694.0
2010-01-07 00:00:00,2010-01-07 01:45:00,2010-01-07 02:00:00,20232.0,19570.0
2010-01-07 00:00:00,2010-01-07 02:00:00,2010-01-07 02:15:00,20078.0,19294.0
2010-01-07 00:00:00,2010-01-07 02:15:00,2010-01-07 02:30:00,20122.0,19336.0
2010-01-07 00:00:00,2010-01-07 02:30:00,2010-01-07 02:45:00,19932.0,19367.0
2010-01-07 00:00:00,2010-01-07 02:45:00,2010-01-07 03:00:00,19967.0,19344.0
2010-01-07 00:00:00,2010-01-07 03:00:00,2010-01-07 03:15:00,19706.0,19082.0
2010-01-07 00:00:00,2010-01-07 03:15:00,2010-01-07 03:30:00,19787.0,19110.0
2010-01-07 00:00:00,2010-01-07 03:30:00,2010-01-07 03:45:00,19863.0,19082.0
2010-01-07 00:00:00,2010-01-07 03:45:00,2010-01-07 04:00:00,19850.0,18739.0
2010-01-07 00:00:00,2010-01-07 04:00:00,2010-01-07 04:15:00,19945.0,18448.0
2010-01-07 00:00:00,2010-01-07 04:15:00,2010-01-07 04:30:00,19936.0,18452.0
2010-01-07 00:00:00,2010-01-07 04:30:00,2010-01-07 04:45:00,19987.0,18541.0
2010-01-07 00:00:00,2010-01-07 04:45:00,2010-01-07 05:00:00,20040.0,18586.0
2010-01-07 00:00:00,2010-01-07 05:00:00,2010-01-07 05:15:00,20300.0,18945.0
2010-01-07 00:00:00,2010-01-07 05:15:00,2010-01-07 05:30:00,20531.0,19105.0
2010-01-07 00:00:00,2010-01-07 05:30:00,2010-01-07 05:45:00,20726.0,19562.0
2010-01-07 00:00:00,2010-01-07 05:45:00,2010-01-07 06:00:00,21100.0,19865.0
2010-01-07 00:00:00,2010-01-07 06:00:00,2010-01-07 06:15:00,21747.0,20775.0
2010-01-07 00:00:00,2010-01-07 06:15:00,2010-01-07 06:30:00,22802.0,21720.0
2010-01-07 00:00:00,2010-01-07 06:30:00,2010-01-07 06:45:00,23454.0,22601.0
2010-01-07 00:00:00,2010-01-07 06:45:00,2010-01-07 07:00:00,24235.0,23336.0
2010-01-07 00:00:00,2010-01-07 07:00:00,2010-01-07 07:15:00,25015.0,24016.0
2010-01-07 00:00:00,2010-01-07 07:15:00,2010-01-07 07:30:00,25518.0,24283.0
2010-01-07 00:00:00,2010-01-07 07:30:00,2010-01-07 07:45:00,25876.0,24628.0
2010-01-07 00:00:00,2010-01-07 07:45:00,2010-01-07 08:00:00,26173.0,24915.0
2010-01-07 00:00:00,2010-01-07 08:00:00,2010-01-07 08:15:00,26511.0,25311.0
2010-01-07 00:00:00,2010-01-07 08:15:00,2010-01-07 08:30:00,26533.0,25197.0
2010-01-07 00:00:00,2010-01-07 08:30:00,2010-01-07 08:45:00,26495.0,25275.0
2010-01-07 00:00:00,2010-01-07 08:45:00,2010-01-07 09:00:00,26453.0,25081.0
2010-01-07 00:00:00,2010-01-07 09:00:00,2010-01-07 09:15:00,26397.0,25066.0
2010-01-07 00:00:00,2010-01-07 09:15:00,2010-01-07 09:30:00,26437.0,25136.0
2010-01-07 00:00:00,2010-01-07 09:30:00,2010-01-07 09:45:00,26563.0,25097.0
2010-01-07 00:00:00,2010-01-07 09:45:00,2010-01-07 10:00:00,26611.0,25075.0
2010-01-07 00:00:00,2010-01-07 10:00:00,2010-01-07 10:15:00,26537.0,25102.0
2010-01-07 00:00:00,2010-01-07 10:15:00,2010-01-07 10:30:00,26755.0,25148.0
2010-01-07 00:00:00,2010-01-07 10:30:00,2010-01-07 10:45:00,26826.0,25128.0
2010-01-07 00:00:00,2010-01-07 10:45:00,2010-01-07 11:00:00,26978.0,25245.0
2010-01-07 00:00:00,2010-01-07 11:00:00,2010-01-07 11:15:00,26933.0,25326.0
2010-01-07 00:00:00,2010-01-07 11:15:00,2010-01-07 11:30:00,27073.0,25409.0
2010-01-07 00:00:00,2010-01-07 11:30:00,2010-01-07 11:45:00,27265.0,25372.0
2010-01-07 00:00:00,2010-01-07 11:45:00,2010-01-07 12:00:00,27372.0,25546.0
2010-01-07 00:00:00,2010-01-07 12:00:00,2010-01-07 12:15:00,27270.0,25731.0
2010-01-07 00:00:00,2010-01-07 12:15:00,2010-01-07 12:30:00,27357.0,25850.0
2010-01-07 00:00:00,2010-01-07 12:30:00,2010-01-07 12:45:00,27442.0,25889.0
2010-01-07 00:00:00,2010-01-07 12:45:00,2010-01-07 13:00:00,27392.0,25878.0
2010-01-07 00:00:00,2010-01-07 13:00:00,2010-01-07 13:15:00,27623.0,26057.0
2010-01-07 00:00:00,2010-01-07 13:15:00,2010-01-07 13:30:00,27421.0,26146.0
2010-01-07 00:00:00,2010-01-07 13:30:00,2010-01-07 13:45:00,27194.0,26016.0
2010-01-07 00:00:00,2010-01-07 13:45:00,2010-01-07 14:00:00,26903.0,25796.0
2010-01-07 00:00:00,2010-01-07 14:00:00,2010-01-07 14:15:00,26917.0,25748.0
2010-01-07 00:00:00,2010-01-07 14:15:00,2010-01-07 14:30:00,26865.0,25779.0
2010-01-07 00:00:00,2010-01-07 14:30:00,2010-01-07 14:45:00,26797.0,25816.0
2010-01-07 00:00:00,2010-01-07 14:45:00,2010-01-07 15:00:00,26739.0,25658.0
2010-01-07 00:00:00,2010-01-07 15:00:00,2010-01-07 15:15:00,26724.0,25648.0
2010-01-07 00:00:00,2010-01-07 15:15:00,2010-01-07 15:30:00,26585.0,25430.0
2010-01-07 00:00:00,2010-01-07 15:30:00,2010-01-07 15:45:00,26557.0,25449.0
2010-01-07 00:00:00,2010-01-07 15:45:00,2010-01-07 16:00:00,26449.0,25333.0
2010-01-07 00:00:00,2010-01-07 16:00:00,2010-01-07 16:15:00,26411.0,25502.0
2010-01-07 00:00:00,2010-01-07 16:15:00,2010-01-07 16:30:00,26272.0,25465.0
2010-01-07 00:00:00,2010-01-07 16:30:00,2010-01-07 16:45:00,26361.0,25707.0
2010-01-07 00:00:00,2010-01-07 16:45:00,2010-01-07 17:00:00,26839.0,26254.0
2010-01-07 00:00:00,2010-01-07 17:00:00,2010-01-07 17:15:00,27465.0,26700.0
2010-01-07 00:00:00,2010-01-07 17:15:00,2010-01-07 17:30:00,27817.0,26847.0
2010-01-07 00:00:00,2010-01-07 17:30:00,2010-01-07 17:45:00,27976.0,26946.0
2010-01-07 00:00:00,2010-01-07 17:45:00,2010-01-07 18:00:00,28031.0,26981.0
2010-01-07 00:00:00,2010-01-07 18:00:00,2010-01-07 18:15:00,27982.0,26828.0
2010-01-07 00:00:00,2010-01-07 18:15:00,2010-01-07 18:30:00,27868.0,26850.0
2010-01-07 00:00:00,2010-01-07 18:30:00,2010-01-07 18:45:00,27758.0,26730.0
2010-01-07 00:00:00,2010-01-07 18:45:00,2010-01-07 19:00:00,27708.0,26707.0
2010-01-07 00:00:00,2010-01-07 19:00:00,2010-01-07 19:15:00,27681.0,26670.0
2010-01-07 00:00:00,2010-01-07 19:15:00,2010-01-07 19:30:00,27433.0,26473.0
2010-01-07 00:00:00,2010-01-07 19:30:00,2010-01-07 19:45:00,27203.0,26337.0
2010-01-07 00:00:00,2010-01-07 19:45:00,2010-01-07 20:00:00,27027.0,26163.0
2010-01-07 00:00:00,2010-01-07 20:00:00,2010-01-07 20:15:00,26835.0,25935.0
2010-01-07 00:00:00,2010-01-07 20:15:00,2010-01-07 20:30:00,26493.0,25542.0
2010-01-07 00:00:00,2010-01-07 20:30:00,2010-01-07 20:45:00,26039.0,25162.0
2010-01-07 00:00:00,2010-01-07 20:45:00,2010-01-07 21:00:00,25713.0,24786.0
2010-01-07 00:00:00,2010-01-07 21:00:00,2010-01-07 21:15:00,25770.0,24995.0
2010-01-07 00:00:00,2010-01-07 21:15:00,2010-01-07 21:30:00,25747.0,24834.0
2010-01-07 00:00:00,2010-01-07 21:30:00,2010-01-07 21:45:00,25453.0,24551.0
2010-01-07 00:00:00,2010-01-07 21:45:00,2010-01-07 22:00:00,25090.0,24211.0
2010-01-07 00:00:00,2010-01-07 22:00:00,2010-01-07 22:15:00,25103.0,24041.0
2010-01-07 00:00:00,2010-01-07 22:15:00,2010-01-07 22:30:00,24902.0,23843.0
2010-01-07 00:00:00,2010-01-07 22:30:00,2010-01-07 22:45:00,24410.0,23525.0
2010-01-07 00:00:00,2010-01-07 22:45:00,2010-01-07 23:00:00,23847.0,22995.0
2010-01-07 00:00:00,2010-01-07 23:00:00,2010-01-07 23:15:00,23542.0,22566.0
2010-01-07 00:00:00,2010-01-07 23:15:00,2010-01-07 23:30:00,23228.0,22058.0
2010-01-07 00:00:00,2010-01-07 23:30:00,2010-01-07 23:45:00,22811.0,21592.0
2010-01-07 00:00:00,2010-01-07 23:45:00,2010-01-07 00:00:00,22463.0,21162.0
2010-01-08 00:00:00,2010-01-08 00:00:00,2010-01-08 00:15:00,21833.0,20725.0
2010-01-08 00:00:00,2010-01-08 00:15:00,2010-01-08 00:30:00,21570.0,20309.0
2010-01-08 00:00:00,2010-01-08 00:30:00,2010-01-08 00:45:00,21409.0,20060.0
2010-01-08 00:00:00,2010-01-08 00:45:00,2010-01-08 01:00:00,21219.0,19853.0
2010-01-08 00:00:00,2010-01-08 01:00:00,2010-01-08 01:15:00,21027.0,19560.0
2010-01-08 00:00:00,2010-01-08 01:15:00,2010-01-08 01:30:00,20796.0,19351.0
2010-01-08 00:00:00,2010-01-08 01:30:00,2010-01-08 01:45:00,20668.0,19201.0
2010-01-08 00:00:00,2010-01-08 01:45:00,2010-01-08 02:00:00,20644.0,19139.0
2010-01-08 00:00:00,2010-01-08 02:00:00,2010-01-08 02:15:00,20427.0,19064.0
2010-01-08 00:00:00,2010-01-08 02:15:00,2010-01-08 02:30:00,20497.0,19011.0
2010-01-08 00:00:00,2010-01-08 02:30:00,2010-01-08 02:45:00,20411.0,18976.0
2010-01-08 00:00:00,2010-01-08 02:45:00,2010-01-08 03:00:00,20179.0,18913.0
2010-01-08 00:00:00,2010-01-08 03:00:00,2010-01-08 03:15:00,20271.0,18679.0
2010-01-08 00:00:00,2010-01-08 03:15:00,2010-01-08 03:30:00,20140.0,18652.0
2010-01-08 00:00:00,2010-01-08 03:30:00,2010-01-08 03:45:00,19884.0,18562.0
2010-01-08 00:00:00,2010-01-08 03:45:00,2010-01-08 04:00:00,19868.0,18416.0
2010-01-08 00:00:00,2010-01-08 04:00:00,2010-01-08 04:15:00,19916.0,18312.0
2010-01-08 00:00:00,2010-01-08 04:15:00,2010-01-08 04:30:00,20151.0,18282.0
2010-01-08 00:00:00,2010-01-08 04:30:00,2010-01-08 04:45:00,20017.0,18208.0
2010-01-08 00:00:00,2010-01-08 04:45:00,2010-01-08 05:00:00,20186.0,18348.0
2010-01-08 00:00:00,2010-01-08 05:00:00,2010-01-08 05:15:00,20457.0,18768.0
2010-01-08 00:00:00,2010-01-08 05:15:00,2010-01-08 05:30:00,20559.0,18943.0
2010-01-08 00:00:00,2010-01-08 05:30:00,2010-01-08 05:45:00,20903.0,19211.0
2010-01-08 00:00:00,2010-01-08 05:45:00,2010-01-08 06:00:00,21098.0,19510.0
2010-01-08 00:00:00,2010-01-08 06:00:00,2010-01-08 06:15:00,21828.0,20205.0
2010-01-08 00:00:00,2010-01-08 06:15:00,2010-01-08 06:30:00,22598.0,21000.0
2010-01-08 00:00:00,2010-01-08 06:30:00,2010-01-08 06:45:00,23198.0,21683.0
2010-01-08 00:00:00,2010-01-08 06:45:00,2010-01-08 07:00:00,23977.0,22392.0
2010-01-08 00:00:00,2010-01-08 07:00:00,2010-01-08 07:15:00,24605.0,23024.0
2010-01-08 00:00:00,2010-01-08 07:15:00,2010-01-08 07:30:00,25207.0,23291.0
2010-01-08 00:00:00,2010-01-08 07:30:00,2010-01-08 07:45:00,25519.0,23744.0
2010-01-08 00:00:00,2010-01-08 07:45:00,2010-01-08 08:00:00,25738.0,23841.0
2010-01-08 00:00:00,2010-01-08 08:00:00,2010-01-08 08:15:00,26113.0,24186.0
2010-01-08 00:00:00,2010-01-08 08:15:00,2010-01-08 08:30:00,26196.0,24085.0
2010-01-08 00:00:00,2010-01-08 08:30:00,2010-01-08 08:45:00,26238.0,24094.0
2010-01-08 00:00:00,2010-01-08 08:45:00,2010-01-08 09:00:00,26104.0,23981.0
2010-01-08 00:00:00,2010-01-08 09:00:00,2010-01-08 09:15:00,26007.0,23973.0
2010-01-08 00:00:00,2010-01-08 09:15:00,2010-01-08 09:30:00,26198.0,24086.0
2010-01-08 00:00:00,2010-01-08 09:30:00,2010-01-08 09:45:00,26277.0,23899.0
2010-01-08 00:00:00,2010-01-08 09:45:00,2010-01-08 10:00:00,26314.0,23931.0
2010-01-08 00:00:00,2010-01-08 10:00:00,2010-01-08 10:15:00,26481.0,24083.0
2010-01-08 00:00:00,2010-01-08 10:15:00,2010-01-08 10:30:00,26602.0,24051.0
2010-01-08 00:00:00,2010-01-08 10:30:00,2010-01-08 10:45:00,26595.0,24102.0
2010-01-08 00:00:00,2010-01-08 10:45:00,2010-01-08 11:00:00,26795.0,24201.0
2010-01-08 00:00:00,2010-01-08 11:00:00,2010-01-08 11:15:00,26891.0,24194.0
2010-01-08 00:00:00,2010-01-08 11:15:00,2010-01-08 11:30:00,26977.0,24203.0
2010-01-08 00:00:00,2010-01-08 11:30:00,2010-01-08 11:45:00,26993.0,24274.0
2010-01-08 00:00:00,2010-01-08 11:45:00,2010-01-08 12:00:00,26994.0,24394.0
2010-01-08 00:00:00,2010-01-08 12:00:00,2010-01-08 12:15:00,27117.0,24527.0
2010-01-08 00:00:00,2010-01-08 12:15:00,2010-01-08 12:30:00,27242.0,24641.0
2010-01-08 00:00:00,2010-01-08 12:30:00,2010-01-08 12:45:00,27211.0,24660.0
2010-01-08 00:00:00,2010-01-08 12:45:00,2010-01-08 13:00:00,27136.0,24564.0
2010-01-08 00:00:00,2010-01-08 13:00:00,2010-01-08 13:15:00,27061.0,24484.0
2010-01-08 00:00:00,2010-01-08 13:15:00,2010-01-08 13:30:00,26799.0,24354.0
2010-01-08 00:00:00,2010-01-08 13:30:00,2010-01-08 13:45:00,26819.0,24311.0
2010-01-08 00:00:00,2010-01-08 13:45:00,2010-01-08 14:00:00,26378.0,24274.0
2010-01-08 00:00:00,2010-01-08 14:00:00,2010-01-08 14:15:00,26307.0,24328.0
2010-01-08 00:00:00,2010-01-08 14:15:00,2010-01-08 14:30:00,26281.0,24398.0
2010-01-08 00:00:00,2010-01-08 14:30:00,2010-01-08 14:45:00,26389.0,24351.0
2010-01-08 00:00:00,2010-01-08 14:45:00,2010-01-08 15:00:00,26176.0,24197.0
2010-01-08 00:00:00,2010-01-08 15:00:00,2010-01-08 15:15:00,26028.0,24194.0
2010-01-08 00:00:00,2010-01-08 15:15:00,2010-01-08 15:30:00,25938.0,24096.0
2010-01-08 00:00:00,2010-01-08 15:30:00,2010-01-08 15:45:00,25950.0,24200.0
2010-01-08 00:00:00,2010-01-08 15:45:00,2010-01-08 16:00:00,25804.0,24199.0
2010-01-08 00:00:00,2010-01-08 16:00:00,2010-01-08 16:15:00,25810.0,24348.0
2010-01-08 00:00:00,2010-01-08 16:15:00,2010-01-08 16:30:00,25849.0,24247.0
2010-01-08 00:00:00,2010-01-08 16:30:00,2010-01-08 16:45:00,25946.0,24623.0
2010-01-08 00:00:00,2010-01-08 16:45:00,2010-01-08 17:00:00,26439.0,25223.0
2010-01-08 00:00:00,2010-01-08 17:00:00,2010-01-08 17:15:00,27078.0,25688.0
2010-01-08 00:00:00,2010-01-08 17:15:00,2010-01-08 17:30:00,27338.0,25896.0
2010-01-08 00:00:00,2010-01-08 17:30:00,2010-01-08 17:45:00,27273.0,25862.0
2010-01-08 00:00:00,2010-01-08 17:45:00,2010-01-08 18:00:00,27412.0,25878.0
2010-01-08 00:00:00,2010-01-08 18:00:00,2010-01-08 18:15:00,27250.0,25671.0
2010-01-08 00:00:00,2010-01-08 18:15:00,2010-01-08 18:30:00,27152.0,25694.0
2010-01-08 00:00:00,2010-01-08 18:30:00,2010-01-08 18:45:00,26953.0,25605.0
2010-01-08 00:00:00,2010-01-08 18:45:00,2010-01-08 19:00:00,26776.0,25419.0
2010-01-08 00:00:00,2010-01-08 19:00:00,2010-01-08 19:15:00,26579.0,25162.0
2010-01-08 00:00:00,2010-01-08 19:15:00,2010-01-08 19:30:00,26257.0,24974.0
2010-01-08 00:00:00,2010-01-08 19:30:00,2010-01-08 19:45:00,25789.0,24851.0
2010-01-08 00:00:00,2010-01-08 19:45:00,2010-01-08 20:00:00,25549.0,24774.0
2010-01-08 00:00:00,2010-01-08 20:00:00,2010-01-08 20:15:00,25112.0,24389.0
2010-01-08 00:00:00,2010-01-08 20:15:00,2010-01-08 20:30:00,24810.0,24244.0
2010-01-08 00:00:00,2010-01-08 20:30:00,2010-01-08 20:45:00,24452.0,24003.0
2010-01-08 00:00:00,2010-01-08 20:45:00,2010-01-08 21:00:00,24319.0,23640.0
2010-01-08 00:00:00,2010-01-08 21:00:00,2010-01-08 21:15:00,24309.0,23620.0
2010-01-08 00:00:00,2010-01-08 21:15:00,2010-01-08 21:30:00,24351.0,23558.0
2010-01-08 00:00:00,2010-01-08 21:30:00,2010-01-08 21:45:00,24060.0,23324.0
2010-01-08 00:00:00,2010-01-08 21:45:00,2010-01-08 22:00:00,24011.0,23181.0
2010-01-08 00:00:00,2010-01-08 22:00:00,2010-01-08 22:15:00,24122.0,23340.0
2010-01-08 00:00:00,2010-01-08 22:15:00,2010-01-08 22:30:00,23987.0,23171.0
2010-01-08 00:00:00,2010-01-08 22:30:00,2010-01-08 22:45:00,23781.0,22850.0
2010-01-08 00:00:00,2010-01-08 22:45:00,2010-01-08 23:00:00,23528.0,22639.0
2010-01-08 00:00:00,2010-01-08 23:00:00,2010-01-08 23:15:00,23135.0,22336.0
2010-01-08 00:00:00,2010-01-08 23:15:00,2010-01-08 23:30:00,22771.0,21995.0
2010-01-08 00:00:00,2010-01-08 23:30:00,2010-01-08 23:45:00,22307.0,21601.0
2010-01-08 00:00:00,2010-01-08 23:45:00,2010-01-08 00:00:00,22107.0,21253.0
2010-01-09 00:00:00,2010-01-09 00:00:00,2010-01-09 00:15:00,21715.75,21125.25
2010-01-09 00:00:00,2010-01-09 00:15:00,2010-01-09 00:30:00,21324.5,20997.5
2010-01-09 00:00:00,2010-01-09 00:30:00,2010-01-09 00:45:00,20933.25,20869.75
2010-01-09 00:00:00,2010-01-09 00:45:00,2010-01-09 01:00:00,20542.0,20742.0
2010-01-09 00:00:00,2010-01-09 01:00:00,2010-01-09 01:15:00,20349.25,20558.25
2010-01-09 00:00:00,2010-01-09 01:15:00,2010-01-09 01:30:00,20156.5,20374.5
2010-01-09 00:00:00,2010-01-09 01:30:00,2010-01-09 01:45:00,19963.75,20190.75
2010-01-09 00:00:00,2010-01-09 01:45:00,2010-01-09 02:00:00,19771.0,20007.0
2010-01-09 00:00:00,2010-01-09 02:00:00,2010-01-09 02:15:00,19739.25,19889.0
2010-01-09 00:00:00,2010-01-09 02:15:00,2010-01-09 02:30:00,19707.5,19771.0
2010-01-09 00:00:00,2010-01-09 02:30:00,2010-01-09 02:45:00,19675.75,19653.0
2010-01-09 00:00:00,2010-01-09 02:45:00,2010-01-09 03:00:00,19644.0,19535.0
2010-01-09 00:00:00,2010-01-09 03:00:00,2010-01-09 03:15:00,19553.0,19514.5
2010-01-09 00:00:00,2010-01-09 03:15:00,2010-01-09 03:30:00,19462.0,19494.0
2010-01-09 00:00:00,2010-01-09 03:30:00,2010-01-09 03:45:00,19371.0,19473.5
2010-01-09 00:00:00,2010-01-09 03:45:00,2010-01-09 04:00:00,19280.0,19453.0
2010-01-09 00:00:00,2010-01-09 04:00:00,2010-01-09 04:15:00,19227.25,19280.75
2010-01-09 00:00:00,2010-01-09 04:15:00,2010-01-09 04:30:00,19174.5,19108.5
2010-01-09 00:00:00,2010-01-09 04:30:00,2010-01-09 04:45:00,19121.75,18936.25
2010-01-09 00:00:00,2010-01-09 04:45:00,2010-01-09 05:00:00,19069.0,18764.0
2010-01-09 00:00:00,2010-01-09 05:00:00,2010-01-09 05:15:00,18898.0,18620.5
2010-01-09 00:00:00,2010-01-09 05:15:00,2010-01-09 05:30:00,18727.0,18477.0
2010-01-09 00:00:00,2010-01-09 05:30:00,2010-01-09 05:45:00,18556.0,18333.5
2010-01-09 00:00:00,2010-01-09 05:45:00,2010-01-09 06:00:00,18385.0,18190.0
2010-01-09 00:00:00,2010-01-09 06:00:00,2010-01-09 06:15:00,18371.25,18177.0
2010-01-09 00:00:00,2010-01-09 06:15:00,2010-01-09 06:30:00,18357.5,18164.0
2010-01-09 00:00:00,2010-01-09 06:30:00,2010-01-09 06:45:00,18343.75,18151.0
2010-01-09 00:00:00,2010-01-09 06:45:00,2010-01-09 07:00:00,18330.0,18138.0
2010-01-09 00:00:00,2010-01-09 07:00:00,2010-01-09 07:15:00,18689.0,18311.75
2010-01-09 00:00:00,2010-01-09 07:15:00,2010-01-09 07:30:00,19048.0,18485.5
2010-01-09 00:00:00,2010-01-09 07:30:00,2010-01-09 07:45:00,19407.0,18659.25
2010-01-09 00:00:00,2010-01-09 07:45:00,2010-01-09 08:00:00,19766.0,18833.0
2010-01-09 00:00:00,2010-01-09 08:00:00,2010-01-09 08:15:00,20140.0,19155.75
2010-01-09 00:00:00,2010-01-09 08:15:00,2010-01-09 08:30:00,20514.0,19478.5
2010-01-09 00:00:00,2010-01-09 08:30:00,2010-01-09 08:45:00,20888.0,19801.25
2010-01-09 00:00:00,2010-01-09 08:45:00,2010-01-09 09:00:00,21262.0,20124.0
2010-01-09 00:00:00,2010-01-09 09:00:00,2010-01-09 09:15:00,21588.75,20466.5
2010-01-09 00:00:00,2010-01-09 09:15:00,2010-01-09 09:30:00,21915.5,20809.0
2010-01-09 00:00:00,2010-01-09 09:30:00,2010-01-09 09:45:00,22242.25,21151.5
2010-01-09 00:00:00,2010-01-09 09:45:00,2010-01-09 10:00:00,22569.0,21494.0
2010-01-09 00:00:00,2010-01-09 10:00:00,2010-01-09 10:15:00,22714.0,21623.0
2010-01-09 00:00:00,2010-01-09 10:15:00,2010-01-09 10:30:00,22859.0,21752.0
2010-01-09 00:00:00,2010-01-09 10:30:00,2010-01-09 10:45:00,23004.0,21881.0
2010-01-09 00:00:00,2010-01-09 10:45:00,2010-01-09 11:00:00,23149.0,22010.0
2010-01-09 00:00:00,2010-01-09 11:00:00,2010-01-09 11:15:00,23236.0,22154.0
2010-01-09 00:00:00,2010-01-09 11:15:00,2010-01-09 11:30:00,23323.0,22298.0
2010-01-09 00:00:00,2010-01-09 11:30:00,2010-01-09 11:45:00,23410.0,22442.0
2010-01-09 00:00:00,2010-01-09 11:45:00,2010-01-09 12:00:00,23497.0,22586.0
2010-01-09 00:00:00,2010-01-09 12:00:00,2010-01-09 12:15:00,23479.75,22666.25
2010-01-09 00:00:00,2010-01-09 12:15:00,2010-01-09 12:30:00,23462.5,22746.5
2010-01-09 00:00:00,2010-01-09 12:30:00,2010-01-09 12:45:00,23445.25,22826.75
2010-01-09 00:00:00,2010-01-09 12:45:00,2010-01-09 13:00:00,23428.0,22907.0
2010-01-09 00:00:00,2010-01-09 13:00:00,2010-01-09 13:15:00,23241.0,22805.5
2010-01-09 00:00:00,2010-01-09 13:15:00,2010-01-09 13:30:00,23054.0,22704.0
2010-01-09 00:00:00,2010-01-09 13:30:00,2010-01-09 13:45:00,22867.0,22602.5
2010-01-09 00:00:00,2010-01-09 13:45:00,2010-01-09 14:00:00,22680.0,22501.0
2010-01-09 00:00:00,2010-01-09 14:00:00,2010-01-09 14:15:00,22580.5,22392.25
2010-01-09 00:00:00,2010-01-09 14:15:00,2010-01-09 14:30:00,22481.0,22283.5
2010-01-09 00:00:00,2010-01-09 14:30:00,2010-01-09 14:45:00,22381.5,22174.75
2010-01-09 00:00:00,2010-01-09 14:45:00,2010-01-09 15:00:00,22282.0,22066.0
2010-01-09 00:00:00,2010-01-09 15:00:00,2010-01-09 15:15:00,22243.5,22065.75
2010-01-09 00:00:00,2010-01-09 15:15:00,2010-01-09 15:30:00,22205.0,22065.5
2010-01-09 00:00:00,2010-01-09 15:30:00,2010-01-09 15:45:00,22166.5,22065.25
2010-01-09 00:00:00,2010-01-09 15:45:00,2010-01-09 16:00:00,22128.0,22065.0
2010-01-09 00:00:00,2010-01-09 16:00:00,2010-01-09 16:15:00,22231.0,22233.0
2010-01-09 00:00:00,2010-01-09 16:15:00,2010-01-09 16:30:00,22334.0,22401.0
2010-01-09 00:00:00,2010-01-09 16:30:00,2010-01-09 16:45:00,22437.0,22569.0
2010-01-09 00:00:00,2010-01-09 16:45:00,2010-01-09 17:00:00,22540.0,22737.0
2010-01-09 00:00:00,2010-01-09 17:00:00,2010-01-09 17:15:00,22886.75,22991.0
2010-01-09 00:00:00,2010-01-09 17:15:00,2010-01-09 17:30:00,23233.5,23245.0
2010-01-09 00:00:00,2010-01-09 17:30:00,2010-01-09 17:45:00,23580.25,23499.0
2010-01-09 00:00:00,2010-01-09 17:45:00,2010-01-09 18:00:00,23927.0,23753.0
2010-01-09 00:00:00,2010-01-09 18:00:00,2010-01-09 18:15:00,23895.75,23724.75
2010-01-09 00:00:00,2010-01-09 18:15:00,2010-01-09 18:30:00,23864.5,23696.5
2010-01-09 00:00:00,2010-01-09 18:30:00,2010-01-09 18:45:00,23833.25,23668.25
2010-01-09 00:00:00,2010-01-09 18:45:00,2010-01-09 19:00:00,23802.0,23640.0
2010-01-09 00:00:00,2010-01-09 19:00:00,2010-01-09 19:15:00,23561.5,23430.0
2010-01-09 00:00:00,2010-01-09 19:15:00,2010-01-09 19:30:00,23321.0,23220.0
2010-01-09 00:00:00,2010-01-09 19:30:00,2010-01-09 19:45:00,23080.5,23010.0
2010-01-09 00:00:00,2010-01-09 19:45:00,2010-01-09 20:00:00,22840.0,22800.0
2010-01-09 00:00:00,2010-01-09 20:00:00,2010-01-09 20:15:00,22493.75,22553.25
2010-01-09 00:00:00,2010-01-09 20:15:00,2010-01-09 20:30:00,22147.5,22306.5
2010-01-09 00:00:00,2010-01-09 20:30:00,2010-01-09 20:45:00,21801.25,22059.75
2010-01-09 00:00:00,2010-01-09 20:45:00,2010-01-09 21:00:00,21455.0,21813.0
2010-01-09 00:00:00,2010-01-09 21:00:00,2010-01-09 21:15:00,21529.5,21839.25
2010-01-09 00:00:00,2010-01-09 21:15:00,2010-01-09 21:30:00,21604.0,21865.5
2010-01-09 00:00:00,2010-01-09 21:30:00,2010-01-09 21:45:00,21678.5,21891.75
2010-01-09 00:00:00,2010-01-09 21:45:00,2010-01-09 22:00:00,21753.0,21918.0
2010-01-09 00:00:00,2010-01-09 22:00:00,2010-01-09 22:15:00,21681.75,21881.0
2010-01-09 00:00:00,2010-01-09 22:15:00,2010-01-09 22:30:00,21610.5,21844.0
2010-01-09 00:00:00,2010-01-09 22:30:00,2010-01-09 22:45:00,21539.25,21807.0
2010-01-09 00:00:00,2010-01-09 22:45:00,2010-01-09 23:00:00,21468.0,21770.0
2010-01-09 00:00:00,2010-01-09 23:00:00,2010-01-09 23:15:00,21161.75,21517.25
2010-01-09 00:00:00,2010-01-09 23:15:00,2010-01-09 23:30:00,20855.5,21264.5
2010-01-09 00:00:00,2010-01-09 23:30:00,2010-01-09 23:45:00,20549.25,21011.75
2010-01-09 00:00:00,2010-01-09 23:45:00,2010-01-09 00:00:00,20243.0,20759.0
2010-01-10 00:00:00,2010-01-10 00:00:00,2010-01-10 00:15:00,21229.0,19381.0
2010-01-10 00:00:00,2010-01-10 00:15:00,2010-01-10 00:30:00,20828.0,19145.0
2010-01-10 00:00:00,2010-01-10 00:30:00,2010-01-10 00:45:00,20595.0,18936.0
2010-01-10 00:00:00,2010-01-10 00:45:00,2010-01-10 01:00:00,20255.0,18634.0
2010-01-10 00:00:00,2010-01-10 01:00:00,2010-01-10 01:15:00,19924.0,18336.0
2010-01-10 00:00:00,2010-01-10 01:15:00,2010-01-10 01:30:00,19706.0,18147.0
2010-01-10 00:00:00,2010-01-10 01:30:00,2010-01-10 01:45:00,19554.0,17828.0
2010-01-10 00:00:00,2010-01-10 01:45:00,2010-01-10 02:00:00,19475.0,17733.0
2010-01-10 00:00:00,2010-01-10 02:00:00,2010-01-10 02:15:00,19387.0,17653.0
2010-01-10 00:00:00,2010-01-10 02:15:00,2010-01-10 02:30:00,19385.0,17552.0
2010-01-10 00:00:00,2010-01-10 02:30:00,2010-01-10 02:45:00,19195.0,17448.0
2010-01-10 00:00:00,2010-01-10 02:45:00,2010-01-10 03:00:00,19073.0,17403.0
2010-01-10 00:00:00,2010-01-10 03:00:00,2010-01-10 03:15:00,18869.0,17427.0
2010-01-10 00:00:00,2010-01-10 03:15:00,2010-01-10 03:30:00,18831.0,17357.0
2010-01-10 00:00:00,2010-01-10 03:30:00,2010-01-10 03:45:00,18810.0,17302.0
2010-01-10 00:00:00,2010-01-10 03:45:00,2010-01-10 04:00:00,18655.0,17317.0
2010-01-10 00:00:00,2010-01-10 04:00:00,2010-01-10 04:15:00,18460.0,17409.0
2010-01-10 00:00:00,2010-01-10 04:15:00,2010-01-10 04:30:00,18485.0,17350.0
2010-01-10 00:00:00,2010-01-10 04:30:00,2010-01-10 04:45:00,18361.0,17248.0
2010-01-10 00:00:00,2010-01-10 04:45:00,2010-01-10 05:00:00,18428.0,17153.0
2010-01-10 00:00:00,2010-01-10 05:00:00,2010-01-10 05:15:00,18336.0,16864.0
2010-01-10 00:00:00,2010-01-10 05:15:00,2010-01-10 05:30:00,17912.0,16646.0
2010-01-10 00:00:00,2010-01-10 05:30:00,2010-01-10 05:45:00,17710.0,16518.0
2010-01-10 00:00:00,2010-01-10 05:45:00,2010-01-10 06:00:00,17633.0,16286.0
2010-01-10 00:00:00,2010-01-10 06:00:00,2010-01-10 06:15:00,17104.0,15882.0
2010-01-10 00:00:00,2010-01-10 06:15:00,2010-01-10 06:30:00,17005.0,15820.0
2010-01-10 00:00:00,2010-01-10 06:30:00,2010-01-10 06:45:00,16774.0,15847.0
2010-01-10 00:00:00,2010-01-10 06:45:00,2010-01-10 07:00:00,16921.0,15918.0
2010-01-10 00:00:00,2010-01-10 07:00:00,2010-01-10 07:15:00,16907.0,15840.0
2010-01-10 00:00:00,2010-01-10 07:15:00,2010-01-10 07:30:00,16988.0,15845.0
2010-01-10 00:00:00,2010-01-10 07:30:00,2010-01-10 07:45:00,17171.0,15999.0
2010-01-10 00:00:00,2010-01-10 07:45:00,2010-01-10 08:00:00,17289.0,16031.0
2010-01-10 00:00:00,2010-01-10 08:00:00,2010-01-10 08:15:00,17750.0,16235.0
2010-01-10 00:00:00,2010-01-10 08:15:00,2010-01-10 08:30:00,18001.0,16409.0
2010-01-10 00:00:00,2010-01-10 08:30:00,2010-01-10 08:45:00,18219.0,16725.0
2010-01-10 00:00:00,2010-01-10 08:45:00,2010-01-10 09:00:00,18665.0,16874.0
2010-01-10 00:00:00,2010-01-10 09:00:00,2010-01-10 09:15:00,19107.0,17271.0
2010-01-10 00:00:00,2010-01-10 09:15:00,2010-01-10 09:30:00,19375.0,17700.0
2010-01-10 00:00:00,2010-01-10 09:30:00,2010-01-10 09:45:00,19503.0,18094.0
2010-01-10 00:00:00,2010-01-10 09:45:00,2010-01-10 10:00:00,19894.0,18421.0
2010-01-10 00:00:00,2010-01-10 10:00:00,2010-01-10 10:15:00,20106.0,18751.0
2010-01-10 00:00:00,2010-01-10 10:15:00,2010-01-10 10:30:00,20273.0,18521.0
2010-01-10 00:00:00,2010-01-10 10:30:00,2010-01-10 10:45:00,20510.0,18798.0
2010-01-10 00:00:00,2010-01-10 10:45:00,2010-01-10 11:00:00,20728.0,19191.0
2010-01-10 00:00:00,2010-01-10 11:00:00,2010-01-10 11:15:00,21123.0,19497.0
2010-01-10 00:00:00,2010-01-10 11:15:00,2010-01-10 11:30:00,21473.0,19823.0
2010-01-10 00:00:00,2010-01-10 11:30:00,2010-01-10 11:45:00,21766.0,20093.0
2010-01-10 00:00:00,2010-01-10 11:45:00,2010-01-10 12:00:00,22056.0,20339.0
2010-01-10 00:00:00,2010-01-10 12:00:00,2010-01-10 12:15:00,22181.0,20592.0
2010-01-10 00:00:00,2010-01-10 12:15:00,2010-01-10 12:30:00,22311.0,20829.0
2010-01-10 00:00:00,2010-01-10 12:30:00,2010-01-10 12:45:00,22291.0,20876.0
2010-01-10 00:00:00,2010-01-10 12:45:00,2010-01-10 13:00:00,21968.0,20695.0
2010-01-10 00:00:00,2010-01-10 13:00:00,2010-01-10 13:15:00,21907.0,20591.0
2010-01-10 00:00:00,2010-01-10 13:15:00,2010-01-10 13:30:00,21782.0,20550.0
2010-01-10 00:00:00,2010-01-10 13:30:00,2010-01-10 13:45:00,21633.0,20509.0
2010-01-10 00:00:00,2010-01-10 13:45:00,2010-01-10 14:00:00,21434.0,20324.0
2010-01-10 00:00:00,2010-01-10 14:00:00,2010-01-10 14:15:00,21168.0,20121.0
2010-01-10 00:00:00,2010-01-10 14:15:00,2010-01-10 14:30:00,21220.0,20077.0
2010-01-10 00:00:00,2010-01-10 14:30:00,2010-01-10 14:45:00,21081.0,20097.0
2010-01-10 00:00:00,2010-01-10 14:45:00,2010-01-10 15:00:00,20870.0,19941.0
2010-01-10 00:00:00,2010-01-10 15:00:00,2010-01-10 15:15:00,20754.0,19840.0
2010-01-10 00:00:00,2010-01-10 15:15:00,2010-01-10 15:30:00,20690.0,19718.0
2010-01-10 00:00:00,2010-01-10 15:30:00,2010-01-10 15:45:00,20738.0,19634.0
2010-01-10 00:00:00,2010-01-10 15:45:00,2010-01-10 16:00:00,20689.0,19630.0
2010-01-10 00:00:00,2010-01-10 16:00:00,2010-01-10 16:15:00,20601.0,19994.0
2010-01-10 00:00:00,2010-01-10 16:15:00,2010-01-10 16:30:00,20623.0,19789.0
2010-01-10 00:00:00,2010-01-10 16:30:00,2010-01-10 16:45:00,20823.0,20010.0
2010-01-10 00:00:00,2010-01-10 16:45:00,2010-01-10 17:00:00,21187.0,20451.0
2010-01-10 00:00:00,2010-01-10 17:00:00,2010-01-10 17:15:00,21980.0,21003.0
2010-01-10 00:00:00,2010-01-10 17:15:00,2010-01-10 17:30:00,22552.0,21201.0
2010-01-10 00:00:00,2010-01-10 17:30:00,2010-01-10 17:45:00,22748.0,21320.0
2010-01-10 00:00:00,2010-01-10 17:45:00,2010-01-10 18:00:00,22976.0,21529.0
2010-01-10 00:00:00,2010-01-10 18:00:00,2010-01-10 18:15:00,23106.0,21778.0
2010-01-10 00:00:00,2010-01-10 18:15:00,2010-01-10 18:30:00,23118.0,21781.0
2010-01-10 00:00:00,2010-01-10 18:30:00,2010-01-10 18:45:00,22967.0,21622.0
2010-01-10 00:00:00,2010-01-10 18:45:00,2010-01-10 19:00:00,23061.0,21587.0
2010-01-10 00:00:00,2010-01-10 19:00:00,2010-01-10 19:15:00,23022.0,21468.0
2010-01-10 00:00:00,2010-01-10 19:15:00,2010-01-10 19:30:00,22942.0,21352.0
2010-01-10 00:00:00,2010-01-10 19:30:00,2010-01-10 19:45:00,22871.0,21207.0
2010-01-10 00:00:00,2010-01-10 19:45:00,2010-01-10 20:00:00,22752.0,20990.0
2010-01-10 00:00:00,2010-01-10 20:00:00,2010-01-10 20:15:00,22634.0,20979.0
2010-01-10 00:00:00,2010-01-10 20:15:00,2010-01-10 20:30:00,22411.0,20599.0
2010-01-10 00:00:00,2010-01-10 20:30:00,2010-01-10 20:45:00,22018.0,20396.0
2010-01-10 00:00:00,2010-01-10 20:45:00,2010-01-10 21:00:00,21858.0,20163.0
2010-01-10 00:00:00,2010-01-10 21:00:00,2010-01-10 21:15:00,21940.0,20618.0
2010-01-10 00:00:00,2010-01-10 21:15:00,2010-01-10 21:30:00,22069.0,20570.0
2010-01-10 00:00:00,2010-01-10 21:30:00,2010-01-10 21:45:00,21934.0,20541.0
2010-01-10 00:00:00,2010-01-10 21:45:00,2010-01-10 22:00:00,22131.0,20688.0
2010-01-10 00:00:00,2010-01-10 22:00:00,2010-01-10 22:15:00,22182.0,20961.0
2010-01-10 00:00:00,2010-01-10 22:15:00,2010-01-10 22:30:00,22179.0,20864.0
2010-01-10 00:00:00,2010-01-10 22:30:00,2010-01-10 22:45:00,21952.0,20749.0
2010-01-10 00:00:00,2010-01-10 22:45:00,2010-01-10 23:00:00,21857.0,20469.0
2010-01-10 00:00:00,2010-01-10 23:00:00,2010-01-10 23:15:00,21488.0,20168.0
2010-01-10 00:00:00,2010-01-10 23:15:00,2010-01-10 23:30:00,21145.0,19854.0
2010-01-10 00:00:00,2010-01-10 23:30:00,2010-01-10 23:45:00,20788.0,19530.0
2010-01-10 00:00:00,2010-01-10 23:45:00,2010-01-10 00:00:00,20627.0,19123.0